t,u0,u1,u2,u3,u4,u5,u6,u7,u8,u9,u10,u11,u12,u13,u14,u15,u16,u17,u18,u19,u20,u21,u22,u23,u24,u25,u26,u27,u28,u29,u30,u31,u32,u33,u34,u35,u36,u37,u38,u39,u40,u41,u42,u43,u44,u45,u46,u47,u48,u49,u50,u51,u52,u53,u54,u55,u56,u57,u58,u59,u60,u61,u62,u63,u64,u65,u66,u67,u68,u69,u70,u71,u72,u73,u74,u75,u76,u77,u78,u79,u80,u81,u82,u83,u84,u85,u86,u87,u88,u89,u90,u91,u92,u93,u94,u95,u96,u97,u98,u99,u100,u101,u102,u103,u104,u105,u106,u107,u108,u109,u110,u111,u112,u113,u114,u115,u116,u117,u118,u119,u120,u121,u122,u123,u124,u125,u126,u127,u128,u129,u130,u131,u132,u133,u134,u135,u136,u137,u138,u139,u140,u141,u142,u143,u144,u145,u146,u147,u148,u149,u150,u151,u152,u153,u154,u155,u156,u157,u158,u159,u160,u161,u162,u163,u164,u165,u166,u167,u168,u169,u170,u171,u172,u173,u174,u175,u176,u177,u178,u179,u180,u181,u182,u183,u184,u185,u186,u187,u188,u189,u190,u191,u192,u193,u194,u195,u196,u197,u198,u199,u200
0.01,1.15251e-19,5.35809e-20,3.66913e-20,5.12329e-20,1.09346e-19,2.58286e-19,6.16818e-19,1.46476e-18,3.4493e-18,8.051e-18,1.86248e-17,4.2702e-17,9.70325e-17,2.18523e-16,4.87735e-16,1.07889e-15,2.36525e-15,5.13898e-15,1.10657e-14,2.36145e-14,4.99431e-14,1.04681e-13,2.17447e-13,4.47643e-13,9.1327e-13,1.84653e-12,3.69997e-12,7.34729e-12,1.4459e-11,2.8199e-11,5.45015e-11,1.04391e-10,1.9815e-10,3.72737e-10,6.94842e-10,1.28364e-09,2.35002e-09,4.26356e-09,7.66553e-09,1.36578e-08,2.41149e-08,4.21947e-08,7.31634e-08,1.25717e-07,2.14071e-07,3.61229e-07,6.04043e-07,1.00095e-06,1.64368e-06,2.67472e-06,4.31317e-06,6.89241e-06,1.09144e-05,1.71271e-05,2.6633e-05,4.10403e-05,6.26689e-05,9.48298e-05,0.000142196,0.000211291,0.000311117,0.000453958,0.000656379,0.000940463,0.00133529,0.00187869,0.00261929,0.00361873,0.0049542,0.00672104,0.00903534,0.0120364,0.0158889,0.0207842,0.0269412,0.0346054,0.0440468,0.0555556,0.0694359,0.0859972,0.105542,0.128355,0.154683,0.18472,0.218589,0.256323,0.297844,0.342953,0.391312,0.442442,0.495717,0.550372,0.605512,0.660138,0.713169,0.763477,0.809927,0.851418,0.886925,0.915544,0.936525,0.949312,0.95356,0.949156,0.93622,0.915103,0.886368,0.850769,0.809213,0.762726,0.71241,0.659398,0.604816,0.549739,0.495164,0.441979,0.390945,0.342683,0.297668,0.256233,0.218577,0.184774,0.154791,0.128505,0.105721,0.0861942,0.0696412,0.0557608,0.0442453,0.0347923,0.027113,0.0209388,0.0160253,0.0121547,0.00913627,0.00680579,0.0050243,0.00367588,0.00266526,0.00191518,0.00136387,0.000962576,0.000673277,0.000466716,0.000320636,0.000218312,0.000147315,9.85196e-05,6.52993e-05,4.28949e-05,2.79265e-05,1.80195e-05,1.15235e-05,7.30378e-06,4.58809e-06,2.85654e-06,1.76268e-06,1.07804e-06,6.53475e-07,3.92604e-07,2.33784e-07,1.37979e-07,8.07141e-08,4.67981e-08,2.68938e-08,1.53187e-08,8.64852e-09,4.83964e-09,2.68435e-09,1.47578e-09,8.04197e-10,4.34376e-10,2.32559e-10,1.23415e-10,6.49192e-11,3.38494e-11,1.74945e-11,8.96257e-12,4.55137e-12,2.29106e-12,1.14318e-12,5.65436e-13,2.77232e-13,1.3474e-13,6.49155e-14,3.10027e-14,1.46776e-14,6.88833e-15,3.20466e-15,1.47796e-15,6.75705e-16,3.06245e-16,1.37594e-16,6.12853e-17,2.70606e-17,1.18453e-17,5.14007e-18,2.21039e-18,9.39324e-19,3.84572e-19,1.15251e-19
0.02,2.49267e-17,1.14382e-17,5.29693e-18,2.63902e-18,1.76649e-18,2.12532e-18,3.9746e-18,8.5623e-18,1.8919e-17,4.17433e-17,9.14769e-17,1.9889e-16,4.28941e-16,9.17585e-16,1.94694e-15,4.09746e-15,8.55321e-15,1.77089e-14,3.63666e-14,7.40725e-14,1.49642e-13,2.99839e-13,5.95884e-13,1.17454e-12,2.29619e-12,4.45224e-12,8.56202e-12,1.63305e-11,3.0892e-11,5.79581e-11,1.07845e-10,1.99024e-10,3.64271e-10,6.61238e-10,1.19042e-09,2.12547e-09,3.7637e-09,6.6097e-09,1.1512e-08,1.9885e-08,3.40642e-08,5.78721e-08,9.75076e-08,1.62931e-07,2.69999e-07,4.43724e-07,7.23196e-07,1.16893e-06,1.87374e-06,2.97863e-06,4.6958e-06,7.34155e-06,1.13828e-05,1.75022e-05,2.6688e-05,4.03572e-05,6.05207e-05,9.00046e-05,0.00013274,0.000194141,0.000281582,0.000405012,0.000577703,0.000817173,0.00114629,0.00159459,0.00219974,0.0030093,0.00408251,0.00549237,0.00732757,0.00969458,0.0127194,0.0165489,0.0213521,0.0273198,0.0346643,0.0436167,0.054424,0.0673432,0.0826348,0.100554,0.121339,0.145201,0.172307,0.202771,0.236632,0.273847,0.314275,0.357668,0.403661,0.451776,0.501416,0.551877,0.60236,0.65199,0.699836,0.744944,0.786363,0.823181,0.854559,0.879758,0.898173,0.909355,0.913028,0.909103,0.89768,0.879044,0.853652,0.822118,0.785184,0.743694,0.698559,0.650728,0.601154,0.550759,0.500415,0.450912,0.402947,0.35711,0.313872,0.273592,0.236513,0.202774,0.172414,0.145391,0.121595,0.100856,0.0829656,0.0676878,0.0547695,0.0439527,0.0349827,0.0276149,0.0216201,0.016788,0.0129291,0.00987574,0.00748178,0.00562181,0.00418972,0.00309696,0.00227054,0.00165108,0.00119084,0.000851908,0.000604483,0.000425434,0.000296987,0.000205639,0.000141234,9.62137e-05,6.50138e-05,4.3576e-05,2.89711e-05,1.91056e-05,1.24979e-05,8.10959e-06,5.21973e-06,3.33264e-06,2.11068e-06,1.32603e-06,8.26386e-07,5.10877e-07,3.13298e-07,1.90593e-07,1.15019e-07,6.88573e-08,4.0893e-08,2.40919e-08,1.40806e-08,8.16395e-09,4.69584e-09,2.67956e-09,1.51689e-09,8.51898e-10,4.74646e-10,2.62364e-10,1.43877e-10,7.82781e-11,4.22523e-11,2.2627e-11,1.20219e-11,6.33713e-12,3.31428e-12,1.71976e-12,8.85384e-13,4.52256e-13,2.29208e-13,1.15258e-13,5.75062e-14,2.84683e-14,1.39836e-14,6.81532e-15,3.29587e-15,1.5815e-15,7.52928e-16,3.55459e-16,1.65768e-16,7.42464e-17,2.49267e-17
0.03,2.07243e-15,1.02473e-15,5.03584e-16,2.46731e-16,1.22195e-16,6.47565e-17,4.39116e-17,4.86798e-17,8.21899e-17,1.63571e-16,3.382e-16,7.01417e-16,1.44727e-15,2.96548e-15,6.03157e-15,1.21762e-14,2.43967e-14,4.85157e-14,9.57549e-14,1.87571e-13,3.64664e-13,7.03624e-13,1.34743e-12,2.56086e-12,4.83036e-12,9.04238e-12,1.67994e-11,3.09749e-11,5.668e-11,1.02932e-10,1.85511e-10,3.31805e-10,5.88969e-10,1.03751e-09,1.81378e-09,3.14675e-09,5.41785e-09,9.2571e-09,1.56966e-08,2.64128e-08,4.41065e-08,7.30915e-08,1.202e-07,1.96163e-07,3.17688e-07,5.10568e-07,8.14281e-07,1.28873e-06,2.02401e-06,3.15449e-06,4.87872e-06,7.48763e-06,1.14036e-05,1.72345e-05,2.58471e-05,3.84662e-05,5.68071e-05,8.32491e-05,0.000121062,0.000174698,0.000250161,0.000355468,0.000501221,0.000701304,0.000973712,0.00134153,0.00183407,0.00248816,0.00334952,0.00447437,0.00593095,0.00780117,0.0101821,0.0131873,0.016948,0.0216133,0.0273505,0.034344,0.0427934,0.0529106,0.0649158,0.0790311,0.0954744,0.11445,0.13614,0.160694,0.188214,0.218749,0.25228,0.288709,0.327855,0.369442,0.413099,0.45836,0.504665,0.551372,0.597768,0.643084,0.686515,0.727244,0.764469,0.797425,0.825411,0.847819,0.864149,0.874034,0.87725,0.873724,0.863542,0.846937,0.824288,0.796101,0.762992,0.725666,0.684887,0.641458,0.596193,0.549889,0.503311,0.457163,0.41208,0.368611,0.327217,0.288259,0.252008,0.21864,0.188249,0.160851,0.136397,0.114784,0.095863,0.0794546,0.0653562,0.0533527,0.0432245,0.0347545,0.0277332,0.0219635,0.017263,0.0134663,0.0104256,0.00801074,0.00610899,0.00462374,0.00347334,0.0025896,0.00191626,0.00140739,0.00102593,0.000742268,0.000533031,0.000379922,0.000268775,0.000188729,0.000131537,9.09958e-05,6.24826e-05,4.25858e-05,2.881e-05,1.93462e-05,1.28952e-05,8.53181e-06,5.60324e-06,3.65281e-06,2.36377e-06,1.51838e-06,9.68177e-07,6.12818e-07,3.85047e-07,2.40163e-07,1.487e-07,9.13977e-08,5.57672e-08,3.37791e-08,2.03116e-08,1.21248e-08,7.18518e-09,4.22709e-09,2.46882e-09,1.43148e-09,8.24009e-10,4.70906e-10,2.67175e-10,1.50494e-10,8.41613e-11,4.67278e-11,2.57582e-11,1.40972e-11,7.66011e-12,4.13262e-12,2.21364e-12,1.17729e-12,6.21674e-13,3.25946e-13,1.69681e-13,8.77052e-14,4.50058e-14,2.29106e-14,1.15167e-14,5.5546e-15,2.07243e-15
0.04,8.42005e-14,4.44339e-14,2.32984e-14,1.21409e-14,6.29343e-15,3.25704e-15,1.70739e-15,9.56051e-16,6.64947e-16,7.04436e-16,1.09955e-15,2.04397e-15,3.98869e-15,7.84298e-15,1.53706e-14,2.99408e-14,5.793e-14,1.1131e-13,2.1239e-13,4.02436e-13,7.57212e-13,1.4148e-12,2.62497e-12,4.8362e-12,8.84775e-12,1.60734e-11,2.89951e-11,5.19378e-11,9.23805e-11,1.6316e-10,2.86142e-10,4.98289e-10,8.6161e-10,1.47934e-09,2.52203e-09,4.2693e-09,7.17603e-09,1.19765e-08,1.98471e-08,3.26571e-08,5.33546e-08,8.65523e-08,1.39411e-07,2.22958e-07,3.54043e-07,5.58206e-07,8.7385e-07,1.35826e-06,2.09618e-06,3.21198e-06,4.88671e-06,7.3817e-06,1.10711e-05,1.64862e-05,2.4375e-05,3.57815e-05,5.21511e-05,7.54671e-05,0.000108428,0.000154671,0.000219062,0.000308041,0.000430067,0.000596138,0.000820428,0.00112103,0.00152081,0.00204839,0.00273925,0.0036369,0.00479413,0.00627433,0.00815273,0.0105176,0.0134713,0.0171308,0.0216284,0.0271111,0.0337402,0.0416893,0.0511421,0.0622886,0.075321,0.0904275,0.107786,0.127556,0.14987,0.174827,0.202479,0.232825,0.265802,0.301276,0.339041,0.378808,0.42021,0.462803,0.506066,0.549416,0.592214,0.633782,0.673422,0.710428,0.744115,0.773834,0.798996,0.81909,0.8337,0.842521,0.845366,0.842177,0.833026,0.818109,0.797742,0.772349,0.74245,0.708636,0.671559,0.631905,0.590374,0.547662,0.50444,0.461338,0.418932,0.377733,0.338178,0.300626,0.265357,0.232573,0.202401,0.174903,0.150076,0.127867,0.108179,0.0908789,0.0758095,0.0627952,0.0516505,0.042186,0.0342147,0.0275555,0.0220373,0.0175011,0.0138017,0.0108085,0.0084054,0.00649113,0.00497798,0.00379105,0.0028671,0.0021533,0.00160601,0.00118953,0.000874967,0.000639144,0.00046366,0.000334039,0.000238999,0.000169823,0.000119841,8.3989e-05,5.84592e-05,4.0411e-05,2.77438e-05,1.89171e-05,1.28106e-05,8.6162e-06,5.75564e-06,3.81864e-06,2.51631e-06,1.64688e-06,1.07055e-06,6.91201e-07,4.43257e-07,2.82335e-07,1.78622e-07,1.12246e-07,7.00611e-08,4.34365e-08,2.67492e-08,1.63623e-08,9.94181e-09,6.00031e-09,3.59728e-09,2.14225e-09,1.26726e-09,7.44675e-10,4.34685e-10,2.52054e-10,1.45188e-10,8.30779e-11,4.72243e-11,2.66669e-11,1.49594e-11,8.33658e-12,4.6153e-12,2.53827e-12,1.38652e-12,7.51523e-13,4.02086e-13,2.06339e-13,8.42005e-14
0.05,1.97425e-12,1.10139e-12,6.10735e-13,3.36629e-13,1.8445e-13,1.00502e-13,5.45192e-14,2.95704e-14,1.62833e-14,9.57685e-15,6.85716e-15,7.08549e-15,1.04114e-14,1.82514e-14,3.38502e-14,6.35268e-14,1.19049e-13,2.21953e-13,4.11268e-13,7.57173e-13,1.38496e-12,2.51674e-12,4.54355e-12,8.14901e-12,1.45199e-11,2.57022e-11,4.51984e-11,7.89619e-11,1.37042e-10,2.3628e-10,4.04704e-10,6.88625e-10,1.16402e-09,1.95464e-09,3.26064e-09,5.40338e-09,8.89513e-09,1.45466e-08,2.36315e-08,3.81365e-08,6.11375e-08,9.73621e-08,1.54023e-07,2.42044e-07,3.77845e-07,5.85926e-07,9.02565e-07,1.38109e-06,2.09927e-06,3.16971e-06,4.75414e-06,7.08315e-06,1.04829e-05,1.5411e-05,2.25051e-05,3.26457e-05,4.70399e-05,6.73288e-05,9.57257e-05,0.000135191,0.000189652,0.000264277,0.000365805,0.000502954,0.000686902,0.000931857,0.00125571,0.0016808,0.00223475,0.00295138,0.00387174,0.00504511,0.00653009,0.00839558,0.0107217,0.0136007,0.0171373,0.0214488,0.0266653,0.0329285,0.0403905,0.0492117,0.0595579,0.0715966,0.0854924,0.101402,0.119466,0.139806,0.162515,0.187647,0.215216,0.245183,0.277455,0.311874,0.348218,0.386197,0.425456,0.465573,0.506068,0.54641,0.586029,0.624324,0.660682,0.694492,0.725164,0.752141,0.774922,0.793074,0.806245,0.814178,0.816718,0.813817,0.805534,0.792037,0.773593,0.750562,0.723385,0.692568,0.658668,0.622278,0.584006,0.54446,0.504235,0.463896,0.423965,0.384913,0.347153,0.311033,0.276836,0.244776,0.215005,0.187613,0.162636,0.140059,0.119824,0.101841,0.0859901,0.0721311,0.0601101,0.0497652,0.0409317,0.0334467,0.0271522,0.0218989,0.0175471,0.0139687,0.0110478,0.00868103,0.00677708,0.00525646,0.00405065,0.00310129,0.0023591,0.00178296,0.00133884,0.000998876,0.000740447,0.000545354,0.000399087,0.000290178,0.00020964,0.000150486,0.000107334,7.60671e-05,5.3565e-05,3.74794e-05,2.60576e-05,1.80015e-05,1.23572e-05,8.42891e-06,5.71303e-06,3.84777e-06,2.57514e-06,1.71256e-06,1.13175e-06,7.43214e-07,4.85e-07,3.14512e-07,2.02677e-07,1.29792e-07,8.25977e-08,5.22361e-08,3.28291e-08,2.05039e-08,1.27265e-08,7.85014e-09,4.81224e-09,2.93171e-09,1.77502e-09,1.06806e-09,6.38715e-10,3.7961e-10,2.24228e-10,1.31635e-10,7.68026e-11,4.45335e-11,2.56566e-11,1.46689e-11,8.27558e-12,4.47877e-12,1.97425e-12
0.06,2.99802e-11,1.75499e-11,1.02151e-11,5.91219e-12,3.40248e-12,1.94718e-12,1.10825e-12,6.27595e-13,3.54137e-13,2.00103e-13,1.1507e-13,7.07196e-14,5.21344e-14,5.31576e-14,7.45194e-14,1.24203e-13,2.20202e-13,3.9654e-13,7.14397e-13,1.28166e-12,2.28659e-12,4.05518e-12,7.14795e-12,1.25224e-11,2.18031e-11,3.77289e-11,6.4886e-11,1.10904e-10,1.8839e-10,3.18041e-10,5.33606e-10,8.89753e-10,1.47444e-09,2.42824e-09,3.9743e-09,6.46447e-09,1.04498e-08,1.67873e-08,2.6801e-08,4.25226e-08,6.70474e-08,1.0506e-07,1.63601e-07,2.53176e-07,3.89358e-07,5.95062e-07,9.03777e-07,1.3641e-06,2.04603e-06,3.04972e-06,4.51741e-06,6.64964e-06,9.72714e-06,1.414e-05,2.04263e-05,2.93228e-05,4.18306e-05,5.93002e-05,8.35393e-05,0.000116949,0.000162694,0.000224915,0.000308982,0.000421808,0.000572223,0.000771404,0.00103339,0.00137566,0.00181981,0.00239223,0.00312497,0.0040565,0.00523263,0.00670736,0.0085437,0.0108144,0.0136026,0.0170021,0.0211177,0.0260646,0.0319681,0.0389624,0.0471884,0.056792,0.0679206,0.0807193,0.0953269,0.111871,0.130461,0.151184,0.174099,0.199228,0.226553,0.256008,0.287476,0.320786,0.35571,0.391962,0.4292,0.467029,0.505007,0.542651,0.579449,0.614866,0.648365,0.679409,0.707486,0.732117,0.752869,0.769371,0.781325,0.78851,0.790795,0.788141,0.780597,0.768309,0.751503,0.73049,0.705646,0.677408,0.646259,0.612712,0.577301,0.540561,0.503022,0.465189,0.427537,0.390502,0.354469,0.319772,0.28669,0.255445,0.226201,0.199071,0.174116,0.151352,0.130756,0.112268,0.0958031,0.0812512,0.0684874,0.0573752,0.047772,0.0395329,0.0325151,0.0265799,0.0215956,0.0174391,0.013997,0.0111659,0.00885342,0.00697724,0.00546533,0.00425512,0.00329285,0.0025328,0.00193642,0.00147154,0.00111152,0.000834538,0.000622809,0.000462007,0.000340667,0.00024969,0.000181914,0.000131743,9.48395e-05,6.78661e-05,4.8275e-05,3.4135e-05,2.39933e-05,1.67647e-05,1.16444e-05,8.04012e-06,5.51863e-06,3.76554e-06,2.5542e-06,1.72233e-06,1.15456e-06,7.6941e-07,5.09733e-07,3.35719e-07,2.19816e-07,1.43086e-07,9.25966e-08,5.95735e-08,3.81045e-08,2.42308e-08,1.5319e-08,9.62876e-09,6.01712e-09,3.73843e-09,2.30927e-09,1.41824e-09,8.65979e-10,5.25678e-10,3.17139e-10,1.89886e-10,1.12152e-10,6.35804e-11,2.99802e-11
0.07,3.20478e-10,1.95689e-10,1.18851e-10,7.17972e-11,4.31407e-11,2.57839e-11,1.53285e-11,9.06508e-12,5.33388e-12,3.12439e-12,1.82523e-12,1.0694e-12,6.39195e-13,4.08674e-13,3.09748e-13,3.13725e-13,4.23711e-13,6.76056e-13,1.1514e-12,1.99837e-12,3.47619e-12,6.02741e-12,1.03991e-11,1.78423e-11,3.04383e-11,5.16272e-11,8.70593e-11,1.45957e-10,2.43281e-10,4.03143e-10,6.64168e-10,1.08783e-09,1.77138e-09,2.86762e-09,4.61522e-09,7.38452e-09,1.17465e-08,1.8576e-08,2.92044e-08,4.56455e-08,7.09248e-08,1.09559e-07,1.68247e-07,2.56857e-07,3.89836e-07,5.88189e-07,8.82255e-07,1.31557e-06,1.95017e-06,2.8739e-06,4.21026e-06,6.13174e-06,8.87756e-06,1.27773e-05,1.82818e-05,2.60034e-05,3.67683e-05,5.16832e-05,7.22195e-05,0.000100321,0.000138533,0.000190171,0.000259516,0.000352054,0.000474768,0.000636471,0.000848203,0.00112369,0.00147984,0.00193735,0.0025213,0.00326185,0.00419493,0.00536299,0.00681571,0.00861067,0.0108139,0.0135006,0.0167548,0.0206705,0.0253501,0.0309052,0.0374545,0.0451229,0.0540394,0.0643348,0.0761381,0.0895736,0.104756,0.121787,0.140749,0.161701,0.184672,0.20966,0.236621,0.26547,0.296075,0.328258,0.361788,0.396388,0.431732,0.467451,0.503139,0.538355,0.572639,0.605515,0.636504,0.665136,0.690963,0.713567,0.732573,0.747661,0.758573,0.76512,0.767191,0.76475,0.757843,0.746592,0.731197,0.711922,0.689096,0.663098,0.634347,0.603296,0.570411,0.53617,0.501043,0.465486,0.429933,0.394782,0.360395,0.32709,0.295137,0.264759,0.236129,0.209374,0.184574,0.16177,0.140962,0.122121,0.105187,0.0900787,0.0766952,0.0649239,0.0546429,0.0457254,0.0380433,0.03147,0.0258832,0.0211662,0.0172097,0.0139127,0.0111831,0.0089377,0.00710239,0.0056118,0.00440879,0.00344398,0.00267502,0.00206597,0.00158653,0.00121146,0.000919826,0.00069445,0.000521337,0.000389171,0.000288874,0.00021322,0.000156495,0.000114216,8.28923e-05,5.98221e-05,4.29313e-05,3.06375e-05,2.17422e-05,1.53436e-05,1.07678e-05,7.51458e-06,5.21514e-06,3.59925e-06,2.47029e-06,1.68606e-06,1.14445e-06,7.72529e-07,5.18603e-07,3.46226e-07,2.29875e-07,1.51787e-07,9.9676e-08,6.50975e-08,4.22823e-08,2.73134e-08,1.75477e-08,1.12122e-08,7.12492e-09,4.50244e-09,2.82829e-09,1.7633e-09,1.08417e-09,6.40384e-10,3.20478e-10
0.08,2.5663e-09,1.62673e-09,1.02591e-09,6.43719e-10,4.01861e-10,2.49605e-10,1.54253e-10,9.48465e-11,5.80275e-11,3.53272e-11,2.14071e-11,1.29209e-11,7.78494e-12,4.71168e-12,2.91603e-12,1.93205e-12,1.50248e-12,1.51742e-12,1.98869e-12,3.05501e-12,5.01922e-12,8.42696e-12,1.4205e-11,2.38907e-11,4.00043e-11,6.66436e-11,1.10427e-10,1.81979e-10,2.9825e-10,4.86126e-10,7.87994e-10,1.27028e-09,2.03648e-09,3.24683e-09,5.14798e-09,8.11731e-09,1.27287e-08,1.98494e-08,3.07826e-08,4.74739e-08,7.28105e-08,1.11051e-07,1.68437e-07,2.54061e-07,3.81087e-07,5.68453e-07,8.43232e-07,1.24389e-06,1.82472e-06,2.66188e-06,3.86154e-06,5.5707e-06,7.99162e-06,1.14008e-05,1.61737e-05,2.2817e-05,3.20096e-05,4.46553e-05,6.19494e-05,8.54617e-05,0.00011724,0.000159937,0.000216965,0.000292684,0.000392622,0.000523742,0.000694747,0.000916433,0.0012021,0.00156799,0.00203382,0.00262328,0.00336466,0.00429142,0.00544281,0.0068645,0.00860909,0.0107366,0.013315,0.0164202,0.0201361,0.0245548,0.0297756,0.0359042,0.043052,0.0513339,0.0608665,0.0717654,0.0841425,0.0981022,0.113738,0.131129,0.150333,0.171386,0.194295,0.219035,0.245546,0.273727,0.303439,0.334497,0.366675,0.399706,0.433281,0.467056,0.500657,0.533684,0.565719,0.596336,0.62511,0.651625,0.675485,0.696324,0.713816,0.72768,0.737693,0.743692,0.745579,0.743325,0.736969,0.726619,0.712447,0.694684,0.673617,0.649577,0.622934,0.594085,0.563444,0.531437,0.498485,0.465,0.431376,0.397983,0.365156,0.333195,0.302363,0.272879,0.24492,0.218621,0.194078,0.171348,0.150454,0.131386,0.114108,0.0985621,0.0846705,0.0723409,0.0614706,0.0519499,0.0436654,0.0365031,0.0303501,0.0250977,0.0206421,0.0168857,0.0137383,0.0111173,0.00894782,0.00716296,0.00570329,0.00451668,0.00355776,0.0027874,0.00217214,0.00168364,0.00129802,0.000995385,0.000759238,0.000576029,0.000434705,0.00032631,0.000243643,0.000180954,0.000133683,9.82381e-05,7.18097e-05,5.22141e-05,3.77656e-05,2.71715e-05,1.94464e-05,1.38445e-05,9.80465e-06,6.90724e-06,4.84059e-06,3.37456e-06,2.34025e-06,1.6145e-06,1.10801e-06,7.56464e-07,5.13773e-07,3.47132e-07,2.33327e-07,1.5602e-07,1.03788e-07,6.86847e-08,4.52178e-08,2.96103e-08,1.92777e-08,1.24565e-08,7.93667e-09,4.8632e-09,2.5663e-09
0.09,1.61461e-08,1.05825e-08,6.90243e-09,4.48038e-09,2.89419e-09,1.86056e-09,1.19033e-09,7.57879e-10,4.80229e-10,3.02846e-10,1.90082e-10,1.18756e-10,7.38774e-11,4.58038e-11,2.83741e-11,1.76846e-11,1.12963e-11,7.72969e-12,6.15387e-12,6.21056e-12,7.94084e-12,1.18008e-11,1.8771e-11,3.05824e-11,5.01069e-11,8.199e-11,1.3365e-10,2.16832e-10,3.50017e-10,5.62097e-10,8.97989e-10,1.42712e-09,2.2562e-09,3.54828e-09,5.55111e-09,8.639e-09,1.33742e-08,2.05962e-08,3.15519e-08,4.80817e-08,7.28866e-08,1.09908e-07,1.64863e-07,2.45995e-07,3.65124e-07,5.39091e-07,7.91758e-07,1.15672e-06,1.68102e-06,2.43007e-06,3.49437e-06,4.9983e-06,7.11177e-06,1.00655e-05,1.41707e-05,1.98448e-05,2.7644e-05,3.83048e-05,5.27961e-05,7.23849e-05,9.87165e-05,0.000133914,0.0001807,0.000242541,0.00032382,0.000430047,0.000568095,0.00074648,0.00097568,0.00126849,0.00164043,0.00211019,0.00270006,0.0034365,0.0043506,0.00547862,0.00686252,0.00855037,0.0105968,0.0130634,0.0160186,0.0195382,0.0237046,0.0286069,0.0343398,0.0410028,0.048699,0.0575329,0.0676087,0.0790276,0.0918853,0.106268,0.122251,0.139892,0.159231,0.180282,0.203035,0.227448,0.253447,0.280922,0.309728,0.339681,0.370559,0.402106,0.434031,0.466015,0.497712,0.528757,0.558772,0.587374,0.614182,0.638826,0.660956,0.680248,0.696415,0.709213,0.718444,0.723966,0.725695,0.723605,0.717731,0.708167,0.695064,0.678626,0.659103,0.636788,0.612008,0.585114,0.556477,0.526475,0.49549,0.463894,0.432047,0.40029,0.368934,0.338265,0.308532,0.27995,0.252696,0.226911,0.202701,0.180135,0.159253,0.140063,0.122548,0.10667,0.0923692,0.0795734,0.068197,0.0581461,0.0493214,0.041621,0.0349425,0.0291851,0.0242514,0.0200485,0.0164892,0.0134925,0.010984,0.00889627,0.00716863,0.00574708,0.00458399,0.0036377,0.00287211,0.00225614,0.0017633,0.00137114,0.00106081,0.000816574,0.000625397,0.000476566,0.000361325,0.000272574,0.00020459,0.000152792,0.000113537,8.39444e-05,6.17548e-05,4.52039e-05,3.29238e-05,2.38603e-05,1.72058e-05,1.23456e-05,8.81426e-06,6.26185e-06,4.42654e-06,3.11367e-06,2.17937e-06,1.5179e-06,1.05199e-06,7.25494e-07,4.9787e-07,3.39981e-07,2.3101e-07,1.56163e-07,1.0497e-07,7.00284e-08,4.60633e-08,2.91756e-08,1.61461e-08
0.1,8.28499e-08,5.59596e-08,3.76225e-08,2.51776e-08,1.67717e-08,1.11209e-08,7.34011e-09,4.82248e-09,3.15388e-09,2.05321e-09,1.33057e-09,8.58365e-10,5.5127e-10,3.52519e-10,2.24547e-10,1.42633e-10,9.06105e-11,5.80067e-11,3.81368e-11,2.68696e-11,2.18515e-11,2.20628e-11,2.76332e-11,3.98849e-11,6.16162e-11,9.76793e-11,1.55958e-10,2.48919e-10,3.9601e-10,6.27305e-10,9.89e-10,1.55164e-09,2.42235e-09,3.7629e-09,5.81628e-09,8.9454e-09,1.36895e-08,2.0845e-08,3.15826e-08,4.76124e-08,7.14198e-08,1.06596e-07,1.58304e-07,2.33918e-07,3.4392e-07,5.0312e-07,7.32331e-07,1.06063e-06,1.52839e-06,2.19142e-06,3.12632e-06,4.43768e-06,6.2675e-06,8.80739e-06,1.23144e-05,1.71314e-05,2.37128e-05,3.26577e-05,4.47505e-05,6.10129e-05,8.27664e-05,0.000111711,0.000150019,0.000200449,0.000266484,0.000352487,0.000463899,0.000607448,0.000791409,0.00102588,0.00132312,0.00169788,0.0021678,0.00275383,0.00348063,0.00437706,0.0054766,0.00681779,0.00844462,0.0104069,0.0127604,0.0155672,0.0188957,0.02282,0.0274205,0.0327821,0.0389945,0.0461502,0.0543436,0.063669,0.0742185,0.0860799,0.0993336,0.11405,0.130288,0.148087,0.16747,0.188436,0.210959,0.234985,0.260431,0.28718,0.315083,0.343959,0.373594,0.403742,0.434131,0.464463,0.49442,0.523666,0.55186,0.578655,0.603708,0.62669,0.647288,0.665215,0.680217,0.692077,0.700623,0.705729,0.707321,0.705376,0.699926,0.691053,0.678892,0.66362,0.645462,0.624676,0.601552,0.576403,0.549562,0.521369,0.492168,0.462298,0.432089,0.401854,0.371884,0.342448,0.313783,0.286097,0.259566,0.234335,0.210513,0.188182,0.167391,0.148166,0.130504,0.114383,0.0997623,0.0865836,0.0747779,0.0642658,0.0549615,0.0467746,0.0396129,0.0333842,0.0279978,0.0233662,0.0194059,0.0160386,0.0131912,0.0107967,0.00879407,0.00712821,0.00574998,0.00461582,0.00368749,0.00293166,0.00231953,0.00182639,0.00143117,0.0011161,0.000866211,0.000669052,0.000514295,0.000393445,0.000299555,0.000226983,0.000171173,0.000128471,9.59632e-05,7.13408e-05,5.27845e-05,3.88698e-05,2.84878e-05,2.07801e-05,1.50862e-05,1.09009e-05,7.83955e-06,5.61143e-06,3.9977e-06,2.83468e-06,2.00057e-06,1.40525e-06,9.82388e-07,6.83378e-07,4.7274e-07,3.24567e-07,2.19714e-07,1.43413e-07,8.28499e-08
0.11,3.57193e-07,2.47921e-07,1.71318e-07,1.17862e-07,8.07284e-08,5.50509e-08,3.73758e-08,2.52643e-08,1.70026e-08,1.13925e-08,7.60018e-09,5.04814e-09,3.33848e-09,2.19834e-09,1.44146e-09,9.41375e-10,6.12633e-10,3.97815e-10,2.58604e-10,1.69669e-10,1.14539e-10,8.2869e-11,6.8696e-11,6.94337e-11,8.5454e-11,1.20196e-10,1.80832e-10,2.79594e-10,4.35989e-10,6.80249e-10,1.05855e-09,1.64077e-09,2.53201e-09,3.88931e-09,5.94614e-09,9.04774e-09,1.37019e-08,2.06516e-08,3.09782e-08,4.62475e-08,6.87146e-08,1.0161e-07,1.49537e-07,2.19022e-07,3.19263e-07,4.63164e-07,6.68716e-07,9.60884e-07,1.37411e-06,1.95564e-06,2.76999e-06,3.90468e-06,5.47784e-06,7.64805e-06,1.06269e-05,1.46954e-05,2.02241e-05,2.76994e-05,3.7756e-05,5.12171e-05,6.91443e-05,9.28987e-05,0.000124215,0.000165292,0.000218896,0.000288493,0.000378393,0.000493924,0.000641632,0.000829509,0.00106725,0.00136652,0.00174131,0.00220823,0.0027869,0.0035003,0.00437518,0.00544245,0.00673752,0.00830066,0.0101773,0.0124182,0.0150798,0.0182237,0.0219172,0.0262327,0.0312469,0.0370406,0.0436977,0.0513034,0.0599435,0.0697022,0.0806604,0.0928929,0.106467,0.121438,0.13785,0.155729,0.175083,0.195897,0.218135,0.241732,0.266597,0.292611,0.319625,0.34746,0.37591,0.404742,0.433701,0.462508,0.490869,0.518479,0.545025,0.570192,0.593673,0.615171,0.634405,0.65112,0.66509,0.676122,0.684063,0.688802,0.690273,0.688458,0.683383,0.675123,0.663795,0.649559,0.632614,0.613189,0.591545,0.567962,0.542739,0.516183,0.488605,0.460316,0.431618,0.402799,0.374133,0.345869,0.318235,0.291431,0.26563,0.240975,0.217583,0.19554,0.174906,0.155716,0.137983,0.121698,0.106833,0.0933454,0.0811803,0.0702715,0.0605452,0.0519223,0.0443204,0.0376558,0.0318448,0.0268056,0.0224593,0.0187306,0.0155487,0.0128476,0.0105668,0.00865076,0.00704953,0.00571824,0.00461702,0.00371075,0.00296868,0.00236411,0.00187404,0.00147876,0.00116152,0.000908169,0.000706841,0.000547637,0.000422359,0.000324258,0.000247812,0.00018853,0.000142779,0.000107641,8.0783e-05,6.03528e-05,4.4886e-05,3.32324e-05,2.44936e-05,1.79716e-05,1.3127e-05,9.54525e-06,6.90963e-06,4.9792e-06,3.57167e-06,2.54975e-06,1.81029e-06,1.27561e-06,8.86317e-07,5.9466e-07,3.57193e-07
0.12,1.32541e-06,9.43043e-07,6.68145e-07,4.71378e-07,3.31154e-07,2.31662e-07,1.61378e-07,1.11945e-07,7.73279e-08,5.31912e-08,3.64351e-08,2.48529e-08,1.68818e-08,1.14194e-08,7.69253e-09,5.16074e-09,3.44841e-09,2.29564e-09,1.52348e-09,1.00944e-09,6.70228e-10,4.49809e-10,3.11132e-10,2.306e-10,1.9448e-10,1.96827e-10,2.38615e-10,3.27995e-10,4.81713e-10,7.27912e-10,1.11073e-09,1.69732e-09,2.58835e-09,3.93322e-09,5.95225e-09,8.96836e-09,1.34524e-08,2.00873e-08,2.98586e-08,4.41816e-08,6.50781e-08,9.54218e-08,1.39277e-07,2.02362e-07,2.92681e-07,4.21382e-07,6.03911e-07,8.61557e-07,1.22351e-06,1.72961e-06,2.43387e-06,3.40925e-06,4.75369e-06,6.59802e-06,9.11604e-06,1.25374e-05,1.71639e-05,2.33902e-05,3.17292e-05,4.28441e-05,5.75877e-05,7.70502e-05,0.000102618,0.000136043,0.00017953,0.000235831,0.000308367,0.000401364,0.000520012,0.000670642,0.000860936,0.00110015,0.00139939,0.00177185,0.00223313,0.0028016,0.00349863,0.00434904,0.00538132,0.00662805,0.00812615,0.00991711,0.0120472,0.0145677,0.0175346,0.0210088,0.0250559,0.0297454,0.0351505,0.0413472,0.0484131,0.0564265,0.0654644,0.0756016,0.0869081,0.0994473,0.113274,0.128431,0.14495,0.162843,0.182107,0.202717,0.224626,0.247764,0.272034,0.297314,0.323458,0.350291,0.377615,0.405211,0.432837,0.460234,0.487132,0.513248,0.538297,0.561993,0.584058,0.604223,0.622237,0.637871,0.650921,0.661217,0.668621,0.673036,0.674401,0.672702,0.667961,0.660245,0.64966,0.636348,0.620486,0.602281,0.581966,0.559794,0.536033,0.510963,0.484868,0.45803,0.430728,0.403229,0.375786,0.348635,0.321992,0.296049,0.270975,0.246911,0.223976,0.202261,0.181834,0.162738,0.144997,0.128613,0.113572,0.0998418,0.0873806,0.0761343,0.0660403,0.05703,0.0490303,0.0419656,0.0357597,0.0303365,0.0256218,0.0215442,0.0180355,0.0150315,0.0124727,0.0103038,0.0084746,0.00693948,0.00565747,0.00459205,0.00371093,0.00298573,0.00239175,0.00190755,0.00151473,0.00119755,0.000942663,0.000738794,0.000576496,0.000447897,0.000346473,0.000266854,0.000204641,0.000156253,0.00011879,8.99199e-05,6.77723e-05,5.08596e-05,3.80032e-05,2.82744e-05,2.09455e-05,1.54491e-05,1.13447e-05,8.29191e-06,6.02799e-06,4.34927e-06,3.0947e-06,2.12951e-06,1.32541e-06
0.13,4.31714e-06,3.14217e-06,2.27769e-06,1.64434e-06,1.18228e-06,8.46619e-07,6.038e-07,4.28883e-07,3.03408e-07,2.13777e-07,1.50017e-07,1.0485e-07,7.29875e-08,5.06038e-08,3.49442e-08,2.40344e-08,1.64652e-08,1.12359e-08,7.6385e-09,5.17503e-09,3.49657e-09,2.36022e-09,1.59805e-09,1.09524e-09,7.74769e-10,5.86976e-10,5.02744e-10,5.0951e-10,6.09622e-10,8.20888e-10,1.17938e-09,1.74491e-09,2.60985e-09,3.91251e-09,5.85658e-09,8.73918e-09,1.29907e-08,1.92307e-08,2.83469e-08,4.16044e-08,6.07974e-08,8.8458e-08,1.28143e-07,1.84822e-07,2.65409e-07,3.79471e-07,5.40183e-07,7.65602e-07,1.08035e-06,1.51783e-06,2.12314e-06,2.95686e-06,4.09996e-06,5.6601e-06,7.77971e-06,1.06463e-05,1.45052e-05,1.96764e-05,2.65742e-05,3.57328e-05,4.78372e-05,6.37611e-05,8.46131e-05,0.000111792,0.000147053,0.000192587,0.000251113,0.000325988,0.000421331,0.000542168,0.000694598,0.000885976,0.00112512,0.00142254,0.00179067,0.00224418,0.00280018,0.00347858,0.00430235,0.00529782,0.00649496,0.00792764,0.00963381,0.0116558,0.0140401,0.0168379,0.0201045,0.0238994,0.0282858,0.0333302,0.0391018,0.0456713,0.0531104,0.0614901,0.0708793,0.0813437,0.0929434,0.105731,0.119751,0.135035,0.151601,0.169454,0.18858,0.208944,0.230493,0.253151,0.276819,0.301374,0.326672,0.352544,0.378802,0.405236,0.431619,0.457712,0.483262,0.508011,0.531696,0.554058,0.574843,0.593807,0.610725,0.625388,0.637616,0.647253,0.654179,0.658303,0.659576,0.65798,0.653538,0.64631,0.63639,0.623906,0.609017,0.591909,0.572792,0.551896,0.529463,0.505748,0.481009,0.455507,0.429496,0.403226,0.376932,0.350837,0.325143,0.300036,0.275679,0.252211,0.229752,0.208396,0.188215,0.169261,0.151564,0.135138,0.119977,0.106063,0.0933628,0.081833,0.0714218,0.0620699,0.0537133,0.0462844,0.0397137,0.0339313,0.028868,0.0244563,0.0206312,0.0173308,0.014497,0.0120753,0.0100158,0.0082726,0.00680404,0.00557266,0.00454497,0.00369125,0.00298533,0.00240431,0.00192826,0.00154001,0.0012248,0.000970046,0.000765077,0.000600907,0.000470002,0.000366087,0.000283964,0.00021935,0.000168737,0.000129266,9.86181e-05,7.49256e-05,5.66893e-05,4.27125e-05,3.20443e-05,2.39315e-05,1.77776e-05,1.31073e-05,9.53224e-06,6.7142e-06,4.31714e-06
0.14,1.25469e-05,9.32437e-06,6.90241e-06,5.08957e-06,3.7382e-06,2.73493e-06,1.99313e-06,1.44688e-06,1.04625e-06,7.53617e-07,5.40726e-07,3.86472e-07,2.75154e-07,1.95143e-07,1.37863e-07,9.7022e-08,6.80174e-08,4.75014e-08,3.30481e-08,2.29072e-08,1.58219e-08,1.08937e-08,7.48332e-09,5.13891e-09,3.54322e-09,2.47621e-09,1.78837e-09,1.38227e-09,1.20043e-09,1.21819e-09,1.44079e-09,1.90446e-09,2.68162e-09,3.89086e-09,5.71283e-09,8.41399e-09,1.23807e-08,1.81676e-08,2.65649e-08,3.86922e-08,5.61272e-08,8.10828e-08,1.16647e-07,1.67111e-07,2.38406e-07,3.38695e-07,4.79158e-07,6.75035e-07,9.47001e-07,1.32297e-06,1.84046e-06,2.54963e-06,3.51724e-06,4.83172e-06,6.60958e-06,9.00366e-06,1.22134e-05,1.64978e-05,2.21915e-05,2.97248e-05,3.96481e-05,5.26618e-05,6.96528e-05,9.17384e-05,0.000120319,0.000157139,0.000204364,0.000264662,0.000341309,0.0004383,0.000560484,0.000713711,0.000905001,0.00114273,0.00143683,0.001799,0.00224298,0.00278476,0.00344283,0.00423848,0.00519603,0.00634307,0.00771071,0.00933374,0.0112508,0.0135045,0.0161414,0.0192118,0.0227701,0.0268737,0.0315833,0.0369621,0.0430747,0.0499869,0.0577642,0.0664706,0.0761674,0.0869116,0.0987543,0.111739,0.125899,0.141257,0.157823,0.175591,0.194538,0.214624,0.23579,0.257957,0.281022,0.304866,0.329346,0.354299,0.379546,0.404888,0.430113,0.454996,0.479304,0.502798,0.525238,0.546384,0.566007,0.583885,0.599812,0.613602,0.625089,0.634136,0.640632,0.644497,0.645686,0.644184,0.640011,0.633221,0.623899,0.612161,0.598149,0.582033,0.564002,0.544263,0.52304,0.500563,0.47707,0.452799,0.427986,0.402862,0.377647,0.352551,0.327765,0.303466,0.279812,0.25694,0.234967,0.213991,0.194087,0.175312,0.157703,0.141283,0.126053,0.112006,0.0991166,0.0873524,0.0766703,0.06702,0.0583455,0.050587,0.0436817,0.0375656,0.0321747,0.0274455,0.0233165,0.0197284,0.0166249,0.0139529,0.0116631,0.00970964,0.00805077,0.00664841,0.00546821,0.00447942,0.00365468,0.00296981,0.0024036,0.00193754,0.0015556,0.00124395,0.000990761,0.000785953,0.000620996,0.000488704,0.000383064,0.000299064,0.000232556,0.000180118,0.000138948,0.000106756,8.16833e-05,6.22215e-05,4.71477e-05,3.54598e-05,2.6312e-05,1.89387e-05,1.25469e-05
0.15,3.29839e-05,2.49879e-05,1.8859e-05,1.41797e-05,1.06213e-05,7.92602e-06,5.89247e-06,4.36423e-06,3.22023e-06,2.36722e-06,1.73365e-06,1.26492e-06,9.19469e-07,6.65873e-07,4.80425e-07,3.45337e-07,2.47312e-07,1.76456e-07,1.25436e-07,8.88405e-08,6.26938e-08,4.40865e-08,3.08989e-08,2.15942e-08,1.50634e-08,1.05109e-08,7.37089e-09,5.24573e-09,3.86202e-09,3.03999e-09,2.67309e-09,2.7159e-09,3.17933e-09,4.13265e-09,5.7125e-09,8.14006e-09,1.17482e-08,1.70212e-08,2.46513e-08,3.56178e-08,5.1295e-08,7.36015e-08,1.05201e-07,1.49773e-07,2.12379e-07,2.99949e-07,4.21926e-07,5.91119e-07,8.24827e-07,1.1463e-06,1.58666e-06,2.18733e-06,3.00326e-06,4.10692e-06,5.59352e-06,7.58751e-06,1.02508e-05,1.37931e-05,1.84845e-05,2.46717e-05,3.27968e-05,4.34218e-05,5.72567e-05,7.51947e-05,9.83534e-05,0.000128125,0.000166234,0.000214805,0.000276447,0.000354339,0.000452343,0.000575116,0.000728256,0.000918442,0.00115361,0.00144314,0.00179802,0.00223111,0.00275732,0.00339385,0.00416042,0.00507951,0.00617654,0.00748011,0.00902216,0.0108381,0.0129668,0.015451,0.0183365,0.021673,0.0255129,0.0299117,0.0349272,0.0406187,0.0470468,0.0542719,0.0623535,0.0713492,0.0813128,0.0922934,0.104334,0.117469,0.131724,0.147112,0.163635,0.18128,0.200018,0.219802,0.240569,0.262238,0.284707,0.307855,0.331546,0.355622,0.379912,0.404229,0.428372,0.452132,0.475292,0.497632,0.518929,0.538966,0.55753,0.574421,0.589451,0.60245,0.613269,0.621783,0.627892,0.631524,0.632638,0.631221,0.627291,0.620897,0.612115,0.601051,0.587834,0.572617,0.555572,0.53689,0.516772,0.49543,0.473082,0.449949,0.426248,0.402195,0.377994,0.353843,0.329923,0.306403,0.283435,0.261153,0.239672,0.21909,0.199486,0.18092,0.163436,0.147061,0.131806,0.117669,0.104637,0.0926821,0.0817715,0.0718627,0.0629074,0.0548527,0.0476423,0.0412182,0.0355211,0.0304921,0.0260731,0.0222078,0.0188419,0.015924,0.0134057,0.0112419,0.00939082,0.00781415,0.00647703,0.00534795,0.00439864,0.00360388,0.00294133,0.00239134,0.00193671,0.00156248,0.00125572,0.00100531,0.000801748,0.000636956,0.000504096,0.000397419,0.00031211,0.000244158,0.000190232,0.000147573,0.000113885,8.72384e-05,6.59494e-05,4.84337e-05,3.29839e-05
0.16,7.93416e-05,6.11857e-05,4.70128e-05,3.59916e-05,2.7454e-05,2.08656e-05,1.58009e-05,1.19221e-05,8.96302e-06,6.71402e-06,5.01118e-06,3.72674e-06,2.76153e-06,2.03895e-06,1.50002e-06,1.09958e-06,8.0315e-07,5.84532e-07,4.23901e-07,3.06316e-07,2.20562e-07,1.58255e-07,1.13157e-07,8.06395e-08,5.72887e-08,4.05953e-08,2.8725e-08,2.03449e-08,1.44949e-08,1.04925e-08,7.86351e-09,6.29375e-09,5.5962e-09,5.69184e-09,6.60203e-09,8.45202e-09,1.14859e-08,1.60947e-08,2.28601e-08,3.26181e-08,4.65482e-08,6.62963e-08,9.41415e-08,1.33221e-07,1.8783e-07,2.63824e-07,3.69146e-07,5.14525e-07,7.14387e-07,9.88047e-07,1.36124e-06,1.86814e-06,2.55385e-06,3.47771e-06,4.71742e-06,6.37422e-06,8.57948e-06,1.15029e-05,1.53625e-05,2.04375e-05,2.70835e-05,3.57511e-05,4.70094e-05,6.15728e-05,8.03345e-05,0.000104406,0.000135162,0.000174297,0.000223891,0.000286477,0.000365133,0.000463574,0.000586266,0.000738545,0.000926758,0.00115841,0.00144233,0.00178886,0.00221,0.00271966,0.00333384,0.00407081,0.00495135,0.00599892,0.00723984,0.00870346,0.0104222,0.0124319,0.0147714,0.0174829,0.0206115,0.0242056,0.0283158,0.0329951,0.0382982,0.0442808,0.0509989,0.0585079,0.0668617,0.0761114,0.0863041,0.0974817,0.109679,0.122924,0.137233,0.152614,0.16906,0.186551,0.205054,0.224518,0.244877,0.266047,0.287927,0.3104,0.333332,0.356572,0.379956,0.403308,0.42644,0.449155,0.471253,0.492528,0.512776,0.531796,0.549393,0.565384,0.579597,0.591878,0.602091,0.610122,0.615881,0.619303,0.62035,0.61901,0.6153,0.609265,0.600973,0.590521,0.578026,0.563628,0.547483,0.529766,0.510661,0.490363,0.469073,0.446993,0.424327,0.401274,0.378026,0.354769,0.331675,0.308904,0.286603,0.264901,0.243913,0.223735,0.204448,0.186115,0.168785,0.152489,0.137245,0.123058,0.109921,0.0978158,0.0867154,0.0765849,0.0673833,0.059064,0.0515772,0.0448702,0.0388888,0.0335783,0.0288843,0.0247534,0.0211339,0.0179761,0.0152331,0.0128604,0.0108168,0.00906402,0.00756698,0.00629369,0.0052152,0.00430546,0.00354123,0.00290185,0.0023691,0.001927,0.0015616,0.00126082,0.0010142,0.000812799,0.000648969,0.000516204,0.000408992,0.000322667,0.000253256,0.000197322,0.000151772,0.000113575,7.93416e-05
0.17,0.000176356,0.000138263,0.000108017,8.40906e-05,6.52345e-05,5.04292e-05,3.88475e-05,2.98209e-05,2.28118e-05,1.73891e-05,1.32092e-05,9.99911e-06,7.54276e-06,5.67003e-06,4.24746e-06,3.17075e-06,2.35877e-06,1.74865e-06,1.29186e-06,9.51098e-07,6.97806e-07,5.10211e-07,3.71773e-07,2.69982e-07,1.95412e-07,1.40991e-07,1.01434e-07,7.28099e-08,5.22113e-08,3.74996e-08,2.7117e-08,1.99439e-08,1.51957e-08,1.23488e-08,1.10907e-08,1.12904e-08,1.29876e-08,1.63979e-08,2.19366e-08,3.02628e-08,4.23465e-08,5.95664e-08,8.38443e-08,1.17829e-07,1.65142e-07,2.30705e-07,3.21173e-07,4.45499e-07,6.15682e-07,8.47722e-07,1.16287e-06,1.58923e-06,2.16381e-06,2.93513e-06,3.96651e-06,5.34028e-06,7.16296e-06,9.57181e-06,1.27429e-05,1.69011e-05,2.23323e-05,2.93983e-05,3.85553e-05,5.03752e-05,6.55723e-05,8.50343e-05,0.00010986,0.000141401,0.000181317,0.000231629,0.000294793,0.000373776,0.000472144,0.000594164,0.000744918,0.00093042,0.00115776,0.00143525,0.00177258,0.00218098,0.00267342,0.00326477,0.00397196,0.00481424,0.00581324,0.00699324,0.00838123,0.010007,0.0119035,0.0141062,0.0166539,0.0195881,0.0229529,0.026795,0.031163,0.0361074,0.0416795,0.0479314,0.0549147,0.0626799,0.0712754,0.0807464,0.0911335,0.102472,0.114791,0.128109,0.142438,0.157778,0.174118,0.191431,0.20968,0.228811,0.248755,0.269429,0.290733,0.31255,0.334753,0.357196,0.379724,0.402169,0.424354,0.446097,0.467209,0.4875,0.506781,0.524866,0.541577,0.556745,0.570213,0.581839,0.591501,0.599093,0.604534,0.607765,0.608751,0.607481,0.603972,0.598263,0.590418,0.580523,0.568687,0.555037,0.539716,0.522883,0.50471,0.485374,0.465061,0.443959,0.422257,0.40014,0.377789,0.355378,0.33307,0.311019,0.289364,0.268231,0.247732,0.227963,0.209005,0.190924,0.173771,0.157582,0.142381,0.128177,0.114971,0.10275,0.0914951,0.0811768,0.0717608,0.063207,0.0554711,0.0485058,0.0422616,0.0366881,0.0317346,0.0273508,0.0234876,0.0200974,0.0171346,0.014556,0.012321,0.0103917,0.00873307,0.00731284,0.00610164,0.00507282,0.00420238,0.00346886,0.00285314,0.00233833,0.00190957,0.00155384,0.00125982,0.00101769,0.000818961,0.000656281,0.00052325,0.000414171,0.000323738,0.000246555,0.000176356
0.18,0.000365275,0.000290805,0.000230731,0.000182444,0.000143773,0.000112915,8.8379e-05,6.89405e-05,5.35955e-05,4.15253e-05,3.20647e-05,2.4676e-05,1.89259e-05,1.44668e-05,1.10211e-05,8.36791e-06,6.33211e-06,4.77551e-06,3.58951e-06,2.68902e-06,2.0077e-06,1.49401e-06,1.10805e-06,8.19074e-07,6.0347e-07,4.43175e-07,3.24429e-07,2.36791e-07,1.72369e-07,1.25228e-07,9.09291e-08,6.61707e-08,4.8523e-08,3.62235e-08,2.80263e-08,2.3095e-08,2.09296e-08,2.13227e-08,2.43439e-08,3.03484e-08,4.00134e-08,5.4403e-08,7.50692e-08,1.04195e-07,1.44789e-07,2.00951e-07,2.78224e-07,3.84049e-07,5.2837e-07,7.2441e-07,9.8968e-07,1.34726e-06,1.82747e-06,2.46992e-06,3.32621e-06,4.46321e-06,5.96729e-06,7.94945e-06,1.05518e-05,1.39556e-05,1.83906e-05,2.41477e-05,3.15925e-05,4.11833e-05,5.34917e-05,6.92278e-05,8.92693e-05,0.000114697,0.000146835,0.000187299,0.00023805,0.000301459,0.000380378,0.000478222,0.000599062,0.000747722,0.000929898,0.00115228,0.00142268,0.00175018,0.00214528,0.00262007,0.00318837,0.00386591,0.00467048,0.00562208,0.00674311,0.00805843,0.0095955,0.0113844,0.0134581,0.0158519,0.0186041,0.0217552,0.0253481,0.0294277,0.0340404,0.0392339,0.0450565,0.0515563,0.0587808,0.0667757,0.0755843,0.0852461,0.0957961,0.107263,0.11967,0.133031,0.14735,0.162622,0.17883,0.195946,0.213926,0.232715,0.252244,0.272427,0.293167,0.314351,0.335854,0.357538,0.379255,0.400846,0.422145,0.44298,0.463176,0.482555,0.500943,0.518167,0.534063,0.548476,0.561262,0.57229,0.581448,0.58864,0.593791,0.596848,0.597779,0.596574,0.593248,0.587836,0.580399,0.571014,0.559781,0.546816,0.532251,0.516232,0.498917,0.48047,0.461063,0.44087,0.420067,0.398828,0.377321,0.355711,0.334152,0.312791,0.29176,0.271183,0.251167,0.231808,0.213188,0.195373,0.178416,0.162358,0.147226,0.133035,0.11979,0.107485,0.0961065,0.0856312,0.0760306,0.0672703,0.0593112,0.0521112,0.0456254,0.0398074,0.0346103,0.029987,0.0258908,0.0222764,0.0190999,0.0163196,0.0138956,0.0117906,0.00996985,0.00840109,0.00705468,0.00590359,0.00492324,0.00409152,0.00338854,0.00279662,0.00230003,0.00188488,0.00153891,0.00125128,0.00101232,0.000813156,0.000645257,0.000499584,0.000365275
0.19,0.000710111,0.000573497,0.00046164,0.000370377,0.00029618,0.000236068,0.000187539,0.000148497,0.000117198,9.21929e-05,7.22857e-05,5.64919e-05,4.40047e-05,3.41659e-05,2.64405e-05,2.03953e-05,1.5681e-05,1.20173e-05,9.17962e-06,6.98929e-06,5.30434e-06,4.01256e-06,3.02557e-06,2.27399e-06,1.70362e-06,1.27222e-06,9.47055e-07,7.02799e-07,5.19967e-07,3.83615e-07,2.82335e-07,2.07453e-07,1.52413e-07,1.12293e-07,8.34362e-08,6.31645e-08,4.95729e-08,4.13749e-08,3.78005e-08,3.85342e-08,4.36927e-08,5.38391e-08,7.00347e-08,9.39344e-08,1.2793e-07,1.75353e-07,2.40751e-07,3.30255e-07,4.5206e-07,6.17056e-07,8.3963e-07,1.13871e-06,1.53908e-06,2.07307e-06,2.78267e-06,3.72219e-06,4.96161e-06,6.59071e-06,8.7242e-06,1.15081e-05,1.51274e-05,1.98157e-05,2.58664e-05,3.36469e-05,4.3615e-05,5.63391e-05,7.25213e-05,9.30257e-05,0.000118911,0.000151469,0.000192267,0.000243202,0.000306557,0.000385067,0.000481995,0.000601215,0.000747304,0.000925647,0.00114255,0.00140535,0.00172256,0.00210399,0.00256092,0.00310619,0.0037544,0.00452204,0.00542761,0.00649177,0.00773748,0.00919002,0.0108771,0.012829,0.0150784,0.0176603,0.0206121,0.0239733,0.0277853,0.0320911,0.036935,0.0423617,0.0484162,0.0551432,0.0625859,0.0707856,0.0797805,0.0896052,0.100289,0.111856,0.124322,0.137697,0.15198,0.167161,0.183219,0.20012,0.217821,0.236263,0.255376,0.275077,0.295268,0.31584,0.336673,0.357635,0.378584,0.399371,0.419838,0.439825,0.459168,0.4777,0.495261,0.51169,0.526836,0.540554,0.552712,0.563192,0.571888,0.578714,0.583601,0.586499,0.587379,0.586233,0.583075,0.577937,0.570872,0.561955,0.551275,0.53894,0.525071,0.509803,0.493281,0.475658,0.457092,0.437746,0.417784,0.397367,0.376656,0.355804,0.334958,0.314257,0.29383,0.273793,0.254254,0.235304,0.217026,0.199487,0.182741,0.166833,0.151792,0.137639,0.124383,0.112022,0.100548,0.0899436,0.0801857,0.0712448,0.0630871,0.055675,0.048968,0.0429239,0.0374991,0.0326497,0.0283318,0.0245023,0.0211193,0.0181423,0.0155327,0.013254,0.0112716,0.00955374,0.00807058,0.00679486,0.00570165,0.00476823,0.0039741,0.00330074,0.00273149,0.00225128,0.00184633,0.00150362,0.00121013,0.000951553,0.000710111
0.2,0.00130387,0.00106724,0.000870756,0.000708182,0.000574126,0.000463964,0.000373746,0.000300114,0.000240223,0.000191673,0.00015245,0.00012087,9.55276e-05,7.526e-05,5.91051e-05,4.62713e-05,3.61099e-05,2.80912e-05,2.17843e-05,1.68402e-05,1.29773e-05,9.96909e-06,7.63417e-06,5.82781e-06,4.43495e-06,3.36445e-06,2.54441e-06,1.9183e-06,1.44183e-06,1.08047e-06,8.07353e-07,6.01682e-07,4.47422e-07,3.3227e-07,2.46833e-07,1.83995e-07,1.38421e-07,1.06177e-07,8.44436e-08,7.13082e-08,6.56253e-08,6.69314e-08,7.54151e-08,9.19372e-08,1.18105e-07,1.56405e-07,2.10403e-07,2.85019e-07,3.86909e-07,5.2496e-07,7.10932e-07,9.60288e-07,1.29326e-06,1.73618e-06,2.32319e-06,3.09837e-06,4.11841e-06,5.4559e-06,7.20345e-06,9.47873e-06,1.24306e-05,1.62469e-05,2.11632e-05,2.74741e-05,3.55467e-05,4.58361e-05,5.89044e-05,7.54432e-05,9.62995e-05,0.000122507,0.00015532,0.000196257,0.000247147,0.000310183,0.000387981,0.000483653,0.000600881,0.000744003,0.000918103,0.00112912,0.00138394,0.00169055,0.00205811,0.00249712,0.00301955,0.00363895,0.0043706,0.00523163,0.00624114,0.00742031,0.0087925,0.0103833,0.0122204,0.0143341,0.0167567,0.0195226,0.0226683,0.026232,0.0302537,0.0347742,0.0398354,0.0454793,0.0517479,0.058682,0.066321,0.0747019,0.0838584,0.0938202,0.104612,0.116252,0.128753,0.142118,0.156343,0.171413,0.187303,0.203979,0.221392,0.239485,0.258186,0.277412,0.29707,0.317052,0.337244,0.357518,0.37774,0.397769,0.417455,0.436648,0.455194,0.47294,0.489733,0.505426,0.519878,0.532955,0.544537,0.554511,0.562784,0.569273,0.573917,0.576669,0.577504,0.576413,0.573408,0.568521,0.5618,0.553312,0.543142,0.531387,0.518161,0.503587,0.487799,0.47094,0.453157,0.434601,0.415426,0.395783,0.375822,0.355688,0.335521,0.315453,0.295606,0.276095,0.257022,0.238479,0.220545,0.203289,0.186767,0.171024,0.156094,0.142,0.128755,0.116363,0.104819,0.0941111,0.084221,0.0751238,0.0667904,0.0591876,0.0522792,0.0460266,0.0403899,0.0353281,0.0308002,0.0267653,0.0231834,0.0200158,0.0172249,0.014775,0.0126326,0.0107658,0.00914503,0.00774294,0.0065342,0.00549551,0.00460547,0.00384426,0.00319323,0.00263423,0.00214839,0.00171415,0.00130387
0.21,0.00227363,0.00188452,0.00155716,0.00128269,0.00105332,0.000862302,0.000703743,0.000572567,0.000464405,0.000375516,0.000302706,0.000243262,0.000194891,0.000155659,0.000123943,9.83865e-05,7.78605e-05,6.14282e-05,4.83156e-05,3.7886e-05,2.96171e-05,2.30823e-05,1.79346e-05,1.38925e-05,1.07286e-05,8.26018e-06,6.34039e-06,4.85208e-06,3.70196e-06,2.81603e-06,2.1358e-06,1.61524e-06,1.21823e-06,9.16537e-07,6.88208e-07,5.16237e-07,3.8753e-07,2.92083e-07,2.22333e-07,1.72665e-07,1.3903e-07,1.18671e-07,1.09935e-07,1.12165e-07,1.25652e-07,1.51671e-07,1.92584e-07,2.52011e-07,3.35107e-07,4.48934e-07,6.02955e-07,8.09693e-07,1.08557e-06,1.45196e-06,1.93658e-06,2.57517e-06,3.41361e-06,4.51057e-06,5.94082e-06,7.79919e-06,1.02056e-05,1.33109e-05,1.73045e-05,2.24229e-05,2.89603e-05,3.72816e-05,4.78371e-05,6.11806e-05,7.79906e-05,9.90945e-05,0.000125498,0.000158416,0.000199316,0.000249956,0.000312437,0.000389261,0.000483388,0.000598315,0.000738145,0.000907678,0.0011125,0.00135908,0.00165489,0.0020085,0.0024297,0.00292962,0.00352085,0.00421757,0.00503565,0.00599277,0.00710849,0.00840439,0.00990407,0.0116332,0.0136196,0.0158931,0.0184856,0.0214307,0.0247638,0.028522,0.0327433,0.0374666,0.0427314,0.048577,0.0550421,0.0621641,0.0699788,0.078519,0.0878141,0.0978896,0.108765,0.120456,0.132968,0.146303,0.16045,0.175392,0.191103,0.207543,0.224664,0.242406,0.2607,0.279463,0.298604,0.318018,0.337596,0.357215,0.376749,0.396061,0.415013,0.433462,0.451265,0.468276,0.484356,0.499366,0.513175,0.52566,0.536708,0.546217,0.554099,0.560279,0.564699,0.567318,0.56811,0.56707,0.564207,0.55955,0.553146,0.545055,0.535354,0.524136,0.511504,0.497573,0.482467,0.466319,0.449266,0.431449,0.413011,0.394095,0.374842,0.35539,0.335869,0.316406,0.29712,0.278118,0.259501,0.241359,0.22377,0.206802,0.190512,0.174947,0.160144,0.146127,0.132914,0.120512,0.108921,0.0981328,0.0881332,0.0789021,0.0704144,0.0626412,0.0555501,0.0491063,0.0432731,0.0380125,0.0332864,0.029056,0.0252836,0.0219317,0.0189644,0.0163469,0.0140463,0.0120312,0.0102722,0.00874134,0.00741271,0.00626149,0.00526369,0.00439511,0.0036296,0.00293613,0.00227363
0.22,0.00378318,0.00317294,0.00265313,0.00221181,0.00183837,0.00152339,0.00125859,0.0010367,0.000851374,0.000697085,0.000569051,0.000463145,0.000375823,0.000304056,0.00024526,0.000197244,0.000158156,0.000126438,0.00010078,8.00901e-05,6.34592e-05,5.01327e-05,3.94875e-05,3.10106e-05,2.42816e-05,1.89565e-05,1.47556e-05,1.14518e-05,8.86165e-06,6.83724e-06,5.25993e-06,4.03483e-06,3.08628e-06,2.35425e-06,1.79121e-06,1.35971e-06,1.03038e-06,7.8027e-07,5.9157e-07,4.50562e-07,3.46802e-07,2.72482e-07,2.21944e-07,1.91321e-07,1.78298e-07,1.81961e-07,2.02752e-07,2.42507e-07,3.04593e-07,3.94142e-07,5.18408e-07,6.87252e-07,9.13787e-07,1.21522e-06,1.61391e-06,2.13872e-06,2.82674e-06,3.72536e-06,4.89487e-06,6.41173e-06,8.37246e-06,1.08985e-05,1.41419e-05,1.82926e-05,2.35868e-05,3.03171e-05,3.88445e-05,4.96129e-05,6.31659e-05,8.01667e-05,0.000101421,0.000127904,0.000160792,0.000201496,0.000251704,0.000313428,0.000389051,0.000481391,0.00059376,0.000730041,0.000894757,0.00109316,0.00133134,0.00161626,0.00195596,0.00235955,0.0028374,0.00340122,0.00406416,0.00484095,0.00574794,0.00680325,0.00802682,0.00944047,0.0110679,0.0129349,0.015069,0.0174995,0.0202579,0.0233767,0.0268905,0.0308345,0.0352453,0.0401595,0.0456143,0.0516462,0.058291,0.0655828,0.0735536,0.0822326,0.0916453,0.101813,0.112752,0.124471,0.136976,0.150261,0.164315,0.179116,0.194636,0.210833,0.227659,0.245053,0.262946,0.281257,0.299896,0.318765,0.337755,0.35675,0.37563,0.394266,0.412527,0.430278,0.447385,0.463711,0.479126,0.4935,0.506713,0.518649,0.529204,0.538282,0.545803,0.551697,0.555911,0.558407,0.55916,0.558166,0.555435,0.550992,0.544879,0.537155,0.52789,0.517168,0.505087,0.491753,0.477282,0.461797,0.445425,0.4283,0.410555,0.392324,0.37374,0.354932,0.336027,0.317144,0.298396,0.279888,0.261717,0.243969,0.226723,0.210046,0.193995,0.178619,0.163954,0.150031,0.136867,0.124475,0.112857,0.102009,0.0919205,0.0825759,0.0739539,0.0660293,0.0587735,0.0521549,0.0461401,0.0406943,0.0357817,0.031366,0.0274113,0.023882,0.0207434,0.0179617,0.0155044,0.0133402,0.0114388,0.0097708,0.00830667,0.00701545,0.00586234,0.00480439,0.00378318
0.23,0.00603216,0.00511566,0.00432573,0.00364708,0.00306593,0.00256987,0.00214779,0.0017898,0.00148714,0.00123206,0.00101777,0.000838309,0.000688487,0.000563801,0.000460357,0.000374804,0.000304268,0.000246291,0.000198786,0.00015998,0.000128378,0.000102722,8.19566e-05,6.52006e-05,5.17212e-05,4.09106e-05,3.22668e-05,2.53763e-05,1.99001e-05,1.5561e-05,1.21334e-05,9.4339e-06,7.31431e-06,5.65514e-06,4.36039e-06,3.35324e-06,2.57243e-06,1.96928e-06,1.5053e-06,1.1502e-06,8.80281e-07,6.77154e-07,5.26732e-07,4.18417e-07,3.44491e-07,2.99668e-07,2.80781e-07,2.86599e-07,3.17767e-07,3.7686e-07,4.68559e-07,5.99957e-07,7.81013e-07,1.02517e-06,1.35017e-06,1.77911e-06,2.34179e-06,3.07632e-06,4.03128e-06,5.26822e-06,6.86483e-06,8.91875e-06,1.15523e-05,1.4918e-05,1.92054e-05,2.46494e-05,3.15395e-05,4.02319e-05,5.11624e-05,6.48628e-05,8.19795e-05,0.000103295,0.000129753,0.000162487,0.000202854,0.000252472,0.000313262,0.000387494,0.000477844,0.00058745,0.000719979,0.000879695,0.00107154,0.00130121,0.00157526,0.00190116,0.00228744,0.00274376,0.00328099,0.00391136,0.00464853,0.00550766,0.00650553,0.0076606,0.00899306,0.0105249,0.0122798,0.0142834,0.0165628,0.0191471,0.0220667,0.0253535,0.0290405,0.0331616,0.0377515,0.0428448,0.0484763,0.0546798,0.0614881,0.0689323,0.077041,0.0858399,0.0953508,0.105591,0.116573,0.128304,0.140783,0.154003,0.167949,0.182599,0.197919,0.213869,0.230399,0.247448,0.264947,0.282817,0.300972,0.319315,0.337742,0.356144,0.374404,0.392401,0.41001,0.427105,0.443559,0.459245,0.474039,0.487821,0.500479,0.511905,0.522001,0.530681,0.537868,0.543498,0.547521,0.549902,0.550621,0.54967,0.54706,0.542814,0.536972,0.529588,0.520726,0.510466,0.498897,0.486119,0.472239,0.457372,0.441639,0.425162,0.408068,0.390483,0.372531,0.354337,0.336018,0.31769,0.29946,0.281429,0.263692,0.246331,0.229425,0.213039,0.197232,0.182052,0.167538,0.153721,0.140623,0.128257,0.116629,0.10574,0.0955821,0.086143,0.0774051,0.0693469,0.0619431,0.0551654,0.0489836,0.0433655,0.0382779,0.0336867,0.0295579,0.0258572,0.0225509,0.0196054,0.0169876,0.0146638,0.0125992,0.0107558,0.0090888,0.00754094,0.00603216
0.24,0.00925088,0.00792793,0.00677486,0.00577304,0.00490539,0.00415632,0.00351164,0.00295855,0.00248552,0.0020822,0.0017394,0.00144893,0.00120355,0.000996912,0.00082342,0.000678205,0.000557025,0.000456211,0.000372591,0.000303444,0.000246435,0.000199575,0.000161173,0.000129795,0.000104233,8.34715e-05,6.66585e-05,5.30833e-05,4.21549e-05,3.3383e-05,2.63629e-05,2.07613e-05,1.63047e-05,1.27694e-05,9.97337e-06,7.76857e-06,6.03529e-06,4.67697e-06,3.61603e-06,2.79038e-06,2.15055e-06,1.65731e-06,1.27978e-06,9.9382e-07,7.80817e-07,6.26697e-07,5.21171e-07,4.57166e-07,4.30453e-07,4.39412e-07,4.84961e-07,5.70624e-07,7.02762e-07,8.90953e-07,1.14856e-06,1.49352e-06,1.94934e-06,2.54637e-06,3.32349e-06,4.33008e-06,5.62854e-06,7.29733e-06,9.43471e-06,1.21632e-05,1.56351e-05,2.00389e-05,2.56069e-05,3.26251e-05,4.1443e-05,5.24875e-05,6.62773e-05,8.34406e-05,0.000104735,0.000131073,0.000163544,0.000203451,0.000252342,0.000312047,0.000384728,0.000472924,0.000579603,0.000708229,0.000862817,0.00104801,0.00126917,0.0015324,0.00184472,0.00221406,0.00264943,0.00316096,0.00376,0.00445923,0.00527274,0.00621606,0.00730631,0.00856218,0.010004,0.0116538,0.0135353,0.0156736,0.0180957,0.0208299,0.0239058,0.0273542,0.0312068,0.0354961,0.0402547,0.0455155,0.0513106,0.0576714,0.0646281,0.0722084,0.080438,0.0893392,0.0989304,0.109226,0.120234,0.131959,0.144398,0.157539,0.171367,0.185855,0.20097,0.216669,0.232903,0.24961,0.266724,0.284166,0.301852,0.31969,0.337579,0.355415,0.373087,0.390478,0.407473,0.42395,0.439791,0.454876,0.46909,0.48232,0.494461,0.505412,0.515082,0.523391,0.530268,0.535652,0.539499,0.541775,0.54246,0.54155,0.539052,0.53499,0.5294,0.52233,0.513844,0.504013,0.492921,0.480661,0.467334,0.453046,0.43791,0.422043,0.405561,0.388585,0.371233,0.35362,0.335861,0.318064,0.300332,0.282763,0.265447,0.248466,0.231895,0.215801,0.20024,0.185263,0.170908,0.157208,0.144188,0.131863,0.120242,0.109329,0.0991183,0.0896018,0.0807651,0.0725898,0.0650538,0.0581319,0.0517966,0.0460183,0.0407659,0.0360074,0.0317097,0.0278389,0.0243604,0.0212375,0.0184308,0.0158949,0.0135743,0.0113949,0.00925088
0.25,0.0136905,0.0118492,0.0102273,0.00880288,0.00755594,0.00646771,0.00552093,0.00469974,0.00398966,0.00337754,0.00285146,0.00240069,0.00201563,0.00168768,0.0014092,0.00117345,0.000974458,0.000806993,0.000666477,0.000548922,0.000450865,0.000369313,0.000301685,0.000245769,0.000199671,0.000161777,0.000130718,0.000105335,8.46496e-05,6.78418e-05,5.42238e-05,4.3222e-05,3.43592e-05,2.724e-05,2.15379e-05,1.69839e-05,1.33573e-05,1.04778e-05,8.19829e-06,6.39936e-06,4.9844e-06,3.87554e-06,3.01029e-06,2.33879e-06,1.82147e-06,1.42725e-06,1.13204e-06,9.17495e-07,7.70178e-07,6.80824e-07,6.43899e-07,6.57315e-07,7.22344e-07,8.43713e-07,1.02988e-06,1.29351e-06,1.65218e-06,2.12934e-06,2.7555e-06,3.56984e-06,4.62216e-06,5.97524e-06,7.70786e-06,9.91834e-06,1.27289e-05,1.62908e-05,2.07908e-05,2.6458e-05,3.35734e-05,4.24796e-05,5.35931e-05,6.74186e-05,8.45651e-05,0.000105765,0.000131897,0.000164009,0.000203348,0.000251393,0.000309888,0.000380887,0.000466797,0.000570426,0.00069504,0.000844424,0.00102294,0.00123561,0.00148816,0.00178715,0.00213998,0.00255505,0.00304178,0.00361075,0.00427374,0.0050438,0.00593537,0.00696432,0.00814799,0.00950523,0.0110564,0.0128236,0.0148301,0.017101,0.0196625,0.0225422,0.025769,0.0293725,0.033383,0.0378314,0.0427487,0.0481654,0.0541116,0.0606162,0.0677065,0.0754077,0.0837423,0.0927296,0.102385,0.112719,0.123739,0.135444,0.147828,0.160879,0.174578,0.188897,0.203802,0.21925,0.235189,0.25156,0.268296,0.285322,0.302556,0.319908,0.337283,0.354579,0.371691,0.38851,0.404924,0.420819,0.436084,0.450605,0.464275,0.476989,0.488646,0.499154,0.508428,0.516392,0.52298,0.528137,0.53182,0.533998,0.534652,0.533779,0.531387,0.527495,0.522138,0.515363,0.507225,0.497794,0.487148,0.475372,0.462561,0.448816,0.434242,0.418947,0.403044,0.386643,0.369858,0.352799,0.335573,0.318284,0.301031,0.283907,0.267001,0.250391,0.234152,0.218347,0.203035,0.188263,0.174075,0.160502,0.147571,0.1353,0.1237,0.112777,0.10253,0.0929517,0.0840317,0.0757544,0.0681005,0.0610476,0.0545703,0.0486411,0.0432301,0.0383052,0.0338321,0.0297726,0.0260834,0.0227123,0.0195921,0.01663,0.0136905
0.26,0.0196088,0.0171312,0.0149262,0.0129701,0.0112399,0.00971436,0.00837327,0.00719792,0.00617094,0.00527628,0.00449923,0.00382632,0.00324534,0.0027452,0.00231593,0.00194856,0.00163508,0.00136837,0.00114211,0.000950714,0.000789287,0.000653524,0.000539672,0.00044447,0.000365089,0.000299089,0.00024437,0.000199133,0.00016184,0.000131182,0.000106051,8.55077e-05,6.87619e-05,5.51498e-05,4.41159e-05,3.5197e-05,2.80079e-05,2.22294e-05,1.75978e-05,1.38963e-05,1.09467e-05,8.60359e-06,6.74841e-06,5.28501e-06,4.1357e-06,3.2381e-06,2.54243e-06,2.00933e-06,1.60814e-06,1.31542e-06,1.11391e-06,9.91716e-07,9.4173e-07,9.61315e-07,1.0522e-06,1.22059e-06,1.47751e-06,1.83941e-06,2.32898e-06,2.97629e-06,3.82028e-06,4.91064e-06,6.31005e-06,8.09706e-06,1.03695e-05,1.32488e-05,1.68845e-05,2.14607e-05,2.7203e-05,3.43865e-05,4.33457e-05,5.44863e-05,6.8298e-05,8.53702e-05,0.000106409,0.00013226,0.000163928,0.000202607,0.000249705,0.000306886,0.000376097,0.000459619,0.000560107,0.000680641,0.000824783,0.000996634,0.0012009,0.00144295,0.00172891,0.0020657,0.00246114,0.00292403,0.00346419,0.00409257,0.00482132,0.00566384,0.00663486,0.00775046,0.00902815,0.0104869,0.012147,0.0140303,0.0161601,0.0185607,0.021258,0.0242787,0.0276508,0.0314026,0.0355632,0.0401618,0.0452275,0.0507891,0.0568743,0.0635097,0.07072,0.0785277,0.0869527,0.0960111,0.105716,0.116075,0.127091,0.138763,0.151082,0.164033,0.177595,0.19174,0.206431,0.221626,0.237273,0.253314,0.269682,0.286304,0.303101,0.319987,0.336869,0.35365,0.37023,0.386506,0.40237,0.417716,0.432438,0.446431,0.459591,0.47182,0.483025,0.49312,0.502023,0.509665,0.515984,0.520929,0.524459,0.526546,0.527172,0.526334,0.524039,0.520306,0.515167,0.508666,0.500854,0.491797,0.481566,0.470244,0.457918,0.444682,0.430635,0.41588,0.400522,0.384666,0.36842,0.351886,0.335169,0.318366,0.301573,0.28488,0.268371,0.252124,0.23621,0.220692,0.205628,0.191067,0.177051,0.163613,0.15078,0.138574,0.127008,0.116089,0.105818,0.0961919,0.0872023,0.0788359,0.0710756,0.0639006,0.0572868,0.051206,0.045626,0.0405089,0.0358088,0.031467,0.0274043,0.0235079,0.0196088
0.27,0.0272534,0.0240218,0.0211178,0.0185161,0.0161924,0.0141231,0.0122859,0.0106598,0.00922464,0.00796182,0.00685391,0.00588474,0.00503942,0.00430426,0.00366675,0.00311552,0.00264026,0.00223167,0.00188141,0.00158199,0.00132677,0.00110983,0.000925952,0.000770536,0.000639544,0.000529446,0.000437166,0.000360037,0.000295749,0.000242313,0.000198019,0.000161405,0.000131221,0.000106408,8.60646e-05,6.9432e-05,5.58703e-05,4.48427e-05,3.59003e-05,2.86688e-05,2.28371e-05,1.81476e-05,1.43875e-05,1.13819e-05,8.98739e-06,7.08683e-06,5.58511e-06,4.40534e-06,3.48583e-06,2.77756e-06,2.24209e-06,1.84997e-06,1.57945e-06,1.41548e-06,1.3491e-06,1.37703e-06,1.50158e-06,1.73074e-06,2.07867e-06,2.56631e-06,3.22246e-06,4.08507e-06,5.20303e-06,6.63831e-06,8.46863e-06,1.07908e-05,1.37246e-05,1.74175e-05,2.20505e-05,2.78443e-05,3.5068e-05,4.40473e-05,5.51763e-05,6.89291e-05,8.58748e-05,0.000106694,0.000132197,0.000163348,0.000201287,0.000247356,0.000303137,0.000370478,0.000451536,0.000548822,0.000665238,0.000804138,0.000969375,0.00116536,0.00139713,0.0016704,0.00199165,0.00236817,0.00280815,0.00332074,0.00391615,0.00460565,0.0054017,0.00631799,0.00736946,0.00857237,0.00994432,0.0115042,0.0132724,0.0152704,0.0175211,0.0200484,0.0228776,0.0260344,0.0295459,0.0334392,0.037742,0.042482,0.0476864,0.0533821,0.0595948,0.0663486,0.0736659,0.0815668,0.0900684,0.0991844,0.108925,0.119295,0.130296,0.141924,0.154167,0.167009,0.180429,0.194394,0.20887,0.223813,0.239171,0.254887,0.270897,0.287128,0.303503,0.31994,0.33635,0.35264,0.368714,0.384474,0.399818,0.414646,0.428856,0.44235,0.455031,0.466806,0.477588,0.487295,0.495852,0.503193,0.509261,0.514008,0.517395,0.519397,0.519997,0.519192,0.516988,0.513404,0.508468,0.502222,0.494716,0.486008,0.476167,0.46527,0.453398,0.440641,0.427091,0.412845,0.398002,0.382662,0.366927,0.350894,0.334662,0.318325,0.301975,0.285697,0.269574,0.25368,0.238085,0.222851,0.208036,0.193686,0.179845,0.166548,0.153823,0.141692,0.130169,0.119265,0.108982,0.0993196,0.0902701,0.0818219,0.0739583,0.0666572,0.0598907,0.0536226,0.0478057,0.0423757,0.0372416,0.032269,0.0272534
0.28,0.036842,0.0327478,0.0290339,0.0256754,0.0226472,0.019925,0.0174852,0.015305,0.0133624,0.0116366,0.0101078,0.00875748,0.00756822,0.0065238,0.0056092,0.00481055,0.00411512,0.00351129,0.00298845,0.00253701,0.0021483,0.00181454,0.00152874,0.00128471,0.00107689,0.000900413,0.000750953,0.000624721,0.000518396,0.000429083,0.000354263,0.000291753,0.000239668,0.000196387,0.000160517,0.00013087,0.000106432,8.63403e-05,6.98669e-05,5.63961e-05,4.54101e-05,3.64748e-05,2.92273e-05,2.33651e-05,1.86371e-05,1.48355e-05,1.1789e-05,9.35691e-06,7.42419e-06,5.89743e-06,4.70122e-06,3.77535e-06,3.07244e-06,2.556e-06,2.19901e-06,1.98277e-06,1.89615e-06,1.93516e-06,2.10279e-06,2.4092e-06,2.87221e-06,3.51812e-06,4.38289e-06,5.51371e-06,6.97099e-06,8.83093e-06,1.11886e-05,1.41615e-05,1.78943e-05,2.25642e-05,2.83868e-05,3.5624e-05,4.45925e-05,5.5674e-05,6.93268e-05,8.60993e-05,0.000106646,0.000131744,0.000162315,0.000199447,0.000244419,0.000298732,0.000364139,0.000442683,0.00053673,0.000649021,0.000782708,0.000941413,0.00112927,0.00135101,0.00161196,0.00191818,0.00227649,0.00269451,0.00318078,0.00374478,0.00439702,0.00514909,0.0060137,0.00700475,0.00813737,0.0094279,0.010894,0.0125544,0.0144294,0.0165402,0.0189092,0.0215599,0.0245167,0.0278047,0.0314496,0.0354775,0.0399148,0.0447874,0.050121,0.0559405,0.0622695,0.0691301,0.0765423,0.0845239,0.0930894,0.10225,0.112014,0.122385,0.133359,0.144932,0.157091,0.169818,0.183089,0.196872,0.211132,0.225824,0.240897,0.256295,0.271955,0.287807,0.303776,0.319781,0.335739,0.35156,0.367152,0.382422,0.397274,0.411611,0.425338,0.438363,0.450592,0.461941,0.472325,0.481668,0.489901,0.496961,0.502794,0.507355,0.510609,0.512532,0.513108,0.512333,0.510214,0.506769,0.502024,0.496017,0.488796,0.480416,0.470941,0.460443,0.448999,0.436692,0.42361,0.409845,0.395489,0.380639,0.365388,0.349833,0.334064,0.318174,0.302249,0.286373,0.270623,0.255073,0.239791,0.224837,0.210268,0.196131,0.182469,0.169318,0.156706,0.144657,0.133186,0.122304,0.112017,0.102322,0.0932114,0.084672,0.076681,0.0692058,0.0621991,0.055592,0.0492817,0.0431122,0.036842
0.29,0.048544,0.0434956,0.0388746,0.0346578,0.0308212,0.0273409,0.024193,0.0213542,0.0188015,0.0165127,0.0144664,0.0126422,0.0110205,0.00958292,0.00831218,0.00719205,0.00620742,0.0053443,0.00458979,0.00393203,0.0033602,0.00286442,0.00243576,0.00206612,0.00174825,0.00147563,0.00124245,0.00104354,0.000874314,0.000730727,0.000609218,0.000506665,0.00042034,0.000347867,0.000287183,0.000236504,0.000194291,0.000159222,0.000130164,0.00010615,8.6356e-05,7.0083e-05,5.67399e-05,4.58282e-05,3.69288e-05,2.96905e-05,2.38202e-05,1.90738e-05,1.52491e-05,1.21789e-05,9.72599e-06,7.77823e-06,6.24469e-06,5.0524e-06,4.1437e-06,3.47405e-06,3.01035e-06,2.72971e-06,2.6185e-06,2.67192e-06,2.8938e-06,3.29686e-06,3.9032e-06,4.74536e-06,5.86759e-06,7.3277e-06,9.19939e-06,1.15751e-05,1.45694e-05,1.83234e-05,2.30097e-05,2.88382e-05,3.60632e-05,4.49917e-05,5.59926e-05,6.95079e-05,8.60655e-05,0.000106293,0.000130936,0.000160874,0.000197144,0.000240963,0.000293757,0.000357186,0.000433181,0.000523979,0.000632158,0.000760688,0.000912969,0.00109288,0.00130485,0.00155387,0.00184561,0.00218641,0.00258341,0.00304456,0.00357869,0.00419559,0.00490604,0.00572187,0.00665602,0.00772254,0.00893668,0.0103148,0.0118745,0.0136346,0.0156148,0.0178363,0.0203208,0.0230912,0.0261713,0.0295851,0.0333575,0.0375132,0.0420772,0.047074,0.0525276,0.0584609,0.0648957,0.071852,0.0793478,0.0873984,0.0960163,0.105211,0.114987,0.125346,0.136285,0.147795,0.159862,0.172468,0.185585,0.199184,0.213227,0.22767,0.242463,0.25755,0.27287,0.288354,0.303931,0.319522,0.335047,0.350419,0.365553,0.380357,0.394741,0.408613,0.421885,0.434465,0.44627,0.457217,0.467227,0.476229,0.484157,0.490953,0.496566,0.500954,0.504083,0.505932,0.506484,0.505738,0.5037,0.500384,0.495818,0.490036,0.483083,0.475011,0.465879,0.455756,0.444714,0.432832,0.420193,0.406882,0.392988,0.378602,0.363813,0.348712,0.333387,0.317924,0.302408,0.286919,0.271531,0.256316,0.241339,0.226661,0.212336,0.198412,0.184931,0.171928,0.159433,0.147469,0.136052,0.125193,0.114894,0.10515,0.095945,0.0872516,0.0790235,0.071188,0.0636313,0.0561762,0.048544
0.3,0.0624631,0.0563941,0.0507905,0.045632,0.0408975,0.0365648,0.0326114,0.0290147,0.0257518,0.0228002,0.0201378,0.0177431,0.0155952,0.013674,0.0119604,0.0104361,0.00908407,0.00788802,0.00683286,0.00590452,0.00508997,0.00437718,0.00375512,0.00321368,0.00274368,0.00233676,0.0019854,0.0016828,0.00142289,0.00120023,0.00100998,0.000847843,0.000710026,0.000593184,0.000494381,0.000411048,0.000340943,0.000282118,0.000232885,0.000191785,0.000157562,0.000129138,0.000105591,8.6134e-05,7.00983e-05,5.69166e-05,4.61096e-05,3.72736e-05,3.00697e-05,2.42144e-05,1.94712e-05,1.5644e-05,1.25708e-05,1.01186e-05,8.17906e-06,6.66481e-06,5.50657e-06,4.65067e-06,4.05712e-06,3.69823e-06,3.55756e-06,3.62942e-06,3.91864e-06,4.44088e-06,5.22323e-06,6.30535e-06,7.741e-06,9.60012e-06,1.19714e-05,1.49656e-05,1.87193e-05,2.33998e-05,2.92106e-05,3.63978e-05,4.5258e-05,5.61473e-05,6.9491e-05,8.57962e-05,0.000105665,0.000129809,0.000159069,0.000194432,0.000237056,0.000288293,0.000349714,0.000423146,0.000510699,0.000614803,0.000738251,0.000884238,0.00105641,0.00125889,0.00149639,0.00177418,0.0020982,0.0024751,0.0029123,0.00341804,0.00400143,0.00467251,0.00544231,0.00632286,0.00732727,0.0084697,0.00976545,0.0112309,0.0128835,0.0147419,0.0168256,0.0191552,0.0217521,0.0246385,0.0278373,0.0313718,0.0352656,0.0395423,0.0442255,0.0493382,0.0549028,0.0609405,0.0674711,0.0745128,0.0820814,0.0901903,0.0988499,0.108067,0.117846,0.128185,0.139079,0.150518,0.162488,0.174966,0.187928,0.201341,0.215167,0.229364,0.243882,0.258665,0.273654,0.288782,0.30398,0.319173,0.334282,0.349227,0.363922,0.378283,0.392223,0.405655,0.418495,0.430657,0.44206,0.452628,0.462286,0.470967,0.478609,0.485157,0.490563,0.494788,0.497801,0.49958,0.500111,0.499392,0.497429,0.494235,0.489837,0.484266,0.477564,0.469781,0.460973,0.451203,0.440541,0.42906,0.416838,0.403958,0.390502,0.376556,0.362207,0.347539,0.332638,0.317586,0.302463,0.287346,0.272309,0.25742,0.242742,0.228334,0.214249,0.200535,0.187233,0.174378,0.161997,0.150112,0.138737,0.127874,0.117518,0.107645,0.0982118,0.0891416,0.0803114,0.0715233,0.0624631
0.31,0.0786232,0.0714999,0.0648668,0.0587088,0.0530088,0.0477482,0.0429072,0.0384653,0.0344012,0.0306934,0.0273201,0.0242598,0.0214912,0.0189933,0.016746,0.0147296,0.0129253,0.0113151,0.00988212,0.00861019,0.00748423,0.00649015,0.00561481,0.00484607,0.00417271,0.00358445,0.00307186,0.00262638,0.00224022,0.00190634,0.00161841,0.00137074,0.00115824,0.000976396,0.000821168,0.000689,0.000576751,0.00048166,0.000401306,0.000333576,0.000276631,0.000228872,0.000188918,0.000155578,0.000127825,0.000104782,8.5698e-05,6.99331e-05,5.69439e-05,4.62708e-05,3.75255e-05,3.03817e-05,2.45661e-05,1.98506e-05,1.60461e-05,1.29964e-05,1.05739e-05,8.67525e-06,7.21816e-06,6.13869e-06,5.38913e-06,4.9364e-06,4.76091e-06,4.85598e-06,5.22765e-06,5.89492e-06,6.89058e-06,8.26239e-06,1.00749e-05,1.24115e-05,1.5378e-05,1.91053e-05,2.37546e-05,2.9522e-05,3.66449e-05,4.5409e-05,5.61568e-05,6.92971e-05,8.5316e-05,0.00010479,0.000128398,0.000156943,0.000191364,0.00023276,0.000282413,0.000341811,0.00041268,0.00049701,0.000597091,0.00071555,0.000855388,0.00102002,0.00121334,0.00143971,0.00170409,0.00201203,0.00236974,0.00278414,0.00326291,0.00381455,0.00444842,0.00517479,0.00600487,0.00695087,0.00802601,0.00924453,0.0106217,0.0121739,0.0139184,0.0158736,0.0180587,0.0204938,0.0231999,0.0261983,0.0295113,0.033161,0.0371702,0.0415612,0.0463563,0.051577,0.057244,0.063377,0.069994,0.0771113,0.0847428,0.0929,0.101591,0.110822,0.120594,0.130904,0.141746,0.153108,0.164974,0.177321,0.190125,0.203351,0.216962,0.230916,0.245163,0.25965,0.274317,0.289101,0.303934,0.318743,0.333455,0.347989,0.362267,0.376206,0.389724,0.402738,0.415168,0.426934,0.437959,0.448169,0.457495,0.465874,0.473247,0.479561,0.484773,0.488845,0.491748,0.493462,0.493973,0.493279,0.491386,0.488308,0.484067,0.478694,0.472229,0.464719,0.456215,0.446779,0.436475,0.425373,0.413547,0.401074,0.388034,0.374507,0.360576,0.346322,0.331826,0.317168,0.302423,0.287666,0.272968,0.258394,0.244006,0.229862,0.216011,0.202501,0.189369,0.176648,0.16436,0.15252,0.141127,0.130164,0.119592,0.10933,0.0992476,0.0891278,0.0786232
0.32,0.0969602,0.0887863,0.081112,0.0739283,0.0672239,0.0609852,0.0551967,0.0498414,0.044901,0.0403563,0.0361874,0.0323738,0.0288949,0.0257299,0.0228586,0.0202606,0.0179163,0.0158065,0.013913,0.0122179,0.0107046,0.00935701,0.0081602,0.00710005,0.00616338,0.00533794,0.0046124,0.0039763,0.00342004,0.00293483,0.00251266,0.00214628,0.00182912,0.00155524,0.00131934,0.00111666,0.000942946,0.000794435,0.000667783,0.000560039,0.000468606,0.000391206,0.000325846,0.000270788,0.000224523,0.000185741,0.000153311,0.000126261,0.000103754,8.50741e-05,6.96106e-05,5.68438e-05,4.63333e-05,3.77069e-05,3.06513e-05,2.49039e-05,2.0246e-05,1.64961e-05,1.35055e-05,1.1153e-05,9.34208e-06,7.99737e-06,7.06258e-06,6.49864e-06,6.28248e-06,6.40637e-06,6.87771e-06,7.71934e-06,8.97043e-06,1.06878e-05,1.29481e-05,1.58499e-05,1.95176e-05,2.41047e-05,2.97991e-05,3.68287e-05,4.54675e-05,5.60442e-05,6.89506e-05,8.46518e-05,0.000103699,0.00012674,0.000154539,0.000187989,0.000228134,0.000276187,0.000333559,0.000401877,0.000483019,0.000579143,0.00069272,0.000826569,0.000983898,0.00116834,0.00138401,0.00163553,0.00192809,0.00226749,0.00266019,0.00311336,0.00363493,0.00423362,0.00491902,0.00570157,0.00659267,0.00760463,0.00875074,0.0100453,0.0115035,0.0131416,0.0149768,0.017027,0.0193113,0.0218491,0.0246609,0.0277673,0.0311897,0.0349495,0.0390682,0.0435669,0.0484667,0.0537876,0.0595489,0.0657686,0.072463,0.0796467,0.0873318,0.0955281,0.104242,0.113478,0.123235,0.133508,0.144291,0.15557,0.167328,0.179542,0.192184,0.205224,0.218622,0.232336,0.246318,0.260515,0.27487,0.28932,0.303801,0.318242,0.332571,0.346713,0.360592,0.374129,0.387245,0.399863,0.411905,0.423295,0.433961,0.443834,0.452847,0.46094,0.468059,0.474154,0.479183,0.483111,0.485911,0.487563,0.488055,0.487385,0.485559,0.482588,0.478496,0.47331,0.467069,0.459815,0.451599,0.442478,0.432512,0.421769,0.410317,0.398231,0.385586,0.372458,0.358926,0.345067,0.330959,0.316678,0.302296,0.287886,0.273514,0.259244,0.245135,0.231241,0.217611,0.204284,0.191294,0.178661,0.166395,0.154483,0.142888,0.131529,0.120267,0.10887,0.0969602
0.33,0.117318,0.108138,0.0994494,0.0912504,0.0835366,0.0763008,0.0695331,0.0632215,0.0573521,0.0519093,0.0468764,0.0422352,0.0379672,0.0340531,0.0304732,0.0272078,0.0242373,0.0215422,0.0191035,0.0169025,0.0149213,0.0131425,0.0115496,0.0101269,0.0088594,0.00773305,0.00673469,0.005852,0.00507355,0.00438875,0.00378785,0.00326187,0.00280261,0.00240261,0.00205507,0.00175386,0.00149345,0.00126885,0.00107562,0.000909768,0.000767772,0.00064649,0.000543152,0.000455314,0.000380831,0.000317825,0.000264654,0.000219892,0.000182299,0.000150804,0.000124482,0.000102539,8.42918e-05,6.91591e-05,5.66445e-05,4.63269e-05,3.78505e-05,3.09156e-05,2.52713e-05,2.0709e-05,1.70566e-05,1.41739e-05,1.19485e-05,1.02925e-05,9.14017e-06,8.4459e-06,8.18278e-06,8.34196e-06,8.93241e-06,9.98126e-06,1.15348e-05,1.366e-05,1.64467e-05,2.00104e-05,2.44958e-05,3.00812e-05,3.69835e-05,4.54649e-05,5.58393e-05,6.84811e-05,8.38347e-05,0.000102425,0.000124871,0.000151899,0.000184356,0.000223234,0.000269681,0.000325031,0.000390821,0.000468823,0.000561068,0.00066988,0.000797909,0.000948164,0.00112406,0.00132943,0.00156862,0.00184648,0.00216842,0.00254049,0.00296937,0.00346247,0.00402793,0.00467469,0.00541249,0.00625196,0.0072046,0.00828282,0.00949995,0.0108702,0.0124089,0.0141319,0.0160563,0.0181997,0.0205806,0.0232182,0.0261321,0.0293425,0.0328697,0.0367342,0.0409565,0.0455565,0.0505541,0.0559678,0.0618156,0.0681137,0.0748772,0.0821187,0.0898488,0.0980757,0.106804,0.116037,0.125771,0.136001,0.146719,0.15791,0.169556,0.181633,0.194115,0.206968,0.220154,0.233632,0.247355,0.261269,0.275321,0.289449,0.303589,0.317676,0.331639,0.345405,0.358903,0.372056,0.38479,0.39703,0.408704,0.419738,0.430065,0.439617,0.448334,0.456158,0.463037,0.468925,0.473781,0.477574,0.480276,0.48187,0.482345,0.481698,0.479934,0.477065,0.473112,0.468103,0.462072,0.455061,0.447117,0.438294,0.428649,0.418245,0.407149,0.39543,0.38316,0.370412,0.35726,0.343779,0.330042,0.316121,0.302087,0.288007,0.273946,0.259964,0.246114,0.232445,0.218997,0.205799,0.192864,0.180188,0.167733,0.15542,0.143103,0.130536,0.117318
0.34,0.139451,0.129351,0.119716,0.110551,0.10186,0.0936429,0.0858973,0.0786169,0.0717935,0.0654165,0.0594734,0.0539501,0.048831,0.0440996,0.0397381,0.0357286,0.0320524,0.0286908,0.0256248,0.0228358,0.0203053,0.0180152,0.0159481,0.014087,0.0124156,0.0109183,0.00958045,0.00838796,0.00732771,0.00638738,0.00555545,0.00482124,0.00417487,0.0036072,0.00310987,0.00267522,0.00229626,0.00196667,0.00168069,0.00143314,0.00121938,0.00103524,0.000876978,0.000741288,0.000625226,0.000526185,0.000441869,0.000370257,0.00030958,0.000258287,0.000215032,0.00017864,0.000148098,0.000122527,0.000101172,8.33862e-05,6.86142e-05,5.63834e-05,4.62927e-05,3.80029e-05,3.12288e-05,2.57324e-05,2.13166e-05,1.78203e-05,1.51141e-05,1.30964e-05,1.16912e-05,1.08457e-05,1.05289e-05,1.07308e-05,1.14621e-05,1.27546e-05,1.46626e-05,1.72642e-05,2.06637e-05,2.49949e-05,3.04249e-05,3.71586e-05,4.54446e-05,5.55816e-05,6.79261e-05,8.29013e-05,0.000101007,0.000122832,0.000149066,0.000180514,0.000218114,0.000262956,0.000316298,0.000379592,0.000454509,0.000542961,0.000647135,0.000769519,0.00091294,0.00108059,0.00127609,0.00150347,0.00176729,0.00207261,0.00242507,0.00283092,0.00329708,0.00383114,0.00444145,0.00513711,0.00592804,0.00682497,0.0078395,0.00898409,0.0102721,0.0117176,0.0133359,0.0151426,0.0171545,0.019389,0.0218641,0.0245984,0.0276109,0.030921,0.0345483,0.0385124,0.0428325,0.0475276,0.0526162,0.0581156,0.0640424,0.0704113,0.0772358,0.0845271,0.0922943,0.100544,0.109279,0.118501,0.128206,0.138388,0.149035,0.160134,0.171665,0.183604,0.195923,0.208591,0.221568,0.234814,0.248282,0.261922,0.275679,0.289494,0.303307,0.317052,0.330663,0.34407,0.357202,0.369989,0.382359,0.39424,0.405563,0.41626,0.426265,0.435514,0.443951,0.45152,0.458172,0.463864,0.468558,0.472222,0.474833,0.476372,0.476831,0.476205,0.4745,0.471728,0.467907,0.463064,0.457233,0.450451,0.442764,0.434222,0.424881,0.414799,0.404041,0.392671,0.380758,0.368371,0.355582,0.34246,0.329076,0.315498,0.301793,0.288023,0.274248,0.26052,0.246884,0.233375,0.220012,0.206792,0.193682,0.180602,0.167401,0.153823,0.139451
0.35,0.163033,0.152139,0.141663,0.13162,0.122023,0.112879,0.104192,0.0959648,0.0881944,0.0808766,0.0740047,0.0675693,0.0615593,0.055962,0.0507631,0.0459472,0.0414978,0.037398,0.0336302,0.0301764,0.0270186,0.0241388,0.0215193,0.0191426,0.0169915,0.0150495,0.0133007,0.0117297,0.010322,0.00906355,0.0079414,0.00694317,0.00605735,0.00527316,0.00458061,0.00397046,0.00343418,0.00296396,0.00255262,0.00219365,0.00188112,0.00160965,0.00137441,0.00117104,0.000995624,0.000844675,0.000715082,0.00060408,0.000509222,0.000428348,0.000359555,0.000301175,0.000251746,0.000209995,0.000174812,0.000145236,0.000120437,9.96968e-05,8.24007e-05,6.8022e-05,5.61115e-05,4.62883e-05,3.82308e-05,3.16695e-05,2.63807e-05,2.21808e-05,1.89219e-05,1.64878e-05,1.47914e-05,1.37722e-05,1.33947e-05,1.36477e-05,1.45437e-05,1.61201e-05,1.84395e-05,2.15922e-05,2.56984e-05,3.09117e-05,3.74233e-05,4.54667e-05,5.53243e-05,6.73339e-05,8.18972e-05,9.94889e-05,0.000120667,0.000146087,0.000176512,0.00021283,0.00025607,0.000307424,0.00036826,0.000440154,0.000524907,0.000624574,0.000741495,0.000878322,0.00103805,0.00122407,0.00144017,0.00169059,0.00198008,0.00231392,0.00269794,0.00313861,0.00364302,0.00421896,0.00487494,0.00562021,0.00646482,0.0074196,0.0084962,0.00970709,0.0110656,0.0125858,0.0142826,0.0161717,0.0182694,0.0205927,0.0231592,0.025987,0.0290945,0.0325003,0.036223,0.0402814,0.0446938,0.049478,0.0546511,0.0602295,0.0662281,0.0726605,0.0795386,0.0868722,0.0946689,0.102934,0.111669,0.120874,0.130544,0.140671,0.151244,0.162246,0.17366,0.185459,0.197617,0.2101,0.222871,0.235889,0.249108,0.26248,0.275951,0.289464,0.30296,0.316377,0.329649,0.342711,0.355495,0.367932,0.379954,0.391493,0.402483,0.412859,0.422558,0.431521,0.439691,0.447019,0.453457,0.458964,0.463503,0.467047,0.469571,0.471059,0.471501,0.470896,0.469247,0.466565,0.462869,0.458184,0.452541,0.445976,0.438533,0.430258,0.421205,0.411429,0.400991,0.389952,0.378378,0.366335,0.353889,0.341107,0.328055,0.314795,0.30139,0.287892,0.274351,0.260805,0.247275,0.233761,0.220233,0.20661,0.192738,0.178355,0.163033
0.36,0.187667,0.17614,0.164967,0.154173,0.143778,0.133797,0.124243,0.115126,0.106449,0.0982172,0.0904285,0.08308,0.0761661,0.0696789,0.0636086,0.0579436,0.0526709,0.0477762,0.0432443,0.0390592,0.0352042,0.0316624,0.0284165,0.0254493,0.0227436,0.0202825,0.0180495,0.0160283,0.0142033,0.0125596,0.0110826,0.00975859,0.00857465,0.00751845,0.00657845,0.00574385,0.00500456,0.00435124,0.00377525,0.00326861,0.00282402,0.00243477,0.00209477,0.00179846,0.00154083,0.00131733,0.0011239,0.00095686,0.000812945,0.000689234,0.000583132,0.000492338,0.000414821,0.000348789,0.00029267,0.000245086,0.000204834,0.000170865,0.000142271,0.000118263,9.81648e-05,8.13915e-05,6.74446e-05,5.58991e-05,4.63948e-05,3.86292e-05,3.23501e-05,2.73499e-05,2.34611e-05,2.05519e-05,1.85232e-05,1.73061e-05,1.68605e-05,1.71738e-05,1.82609e-05,2.01648e-05,2.29575e-05,2.67423e-05,3.16566e-05,3.78752e-05,4.56149e-05,5.51402e-05,6.67691e-05,8.08809e-05,9.79248e-05,0.00011843,0.000143015,0.000172403,0.000207435,0.000249083,0.000298472,0.000356894,0.000425832,0.000506982,0.000602279,0.000713919,0.000844394,0.000996516,0.00117345,0.00137876,0.00161642,0.00189086,0.00220701,0.00257035,0.0029869,0.00346331,0.00400684,0.00462544,0.00532778,0.00612324,0.00702194,0.00803479,0.00917348,0.0104505,0.0118789,0.013473,0.0152472,0.0172171,0.0193986,0.0218085,0.0244638,0.0273819,0.0305806,0.0340778,0.0378915,0.0420392,0.0465383,0.0514057,0.0566572,0.062308,0.0683717,0.0748606,0.0817853,0.0891542,0.0969736,0.105247,0.113976,0.123158,0.132787,0.142855,0.153349,0.164253,0.175547,0.187206,0.199202,0.211502,0.224069,0.236864,0.24984,0.262951,0.276145,0.289365,0.302556,0.315656,0.328603,0.341334,0.353784,0.365886,0.377576,0.38879,0.399462,0.409532,0.418941,0.427631,0.43555,0.442649,0.448883,0.454215,0.458609,0.462038,0.464479,0.465919,0.466346,0.46576,0.464164,0.461568,0.457991,0.453455,0.44799,0.441631,0.434418,0.426397,0.417616,0.40813,0.397996,0.387271,0.376017,0.364297,0.352172,0.339704,0.326951,0.313969,0.300806,0.2875,0.274077,0.260536,0.246849,0.232933,0.218635,0.20369,0.187667
0.37,0.212905,0.200936,0.189242,0.177855,0.166804,0.156113,0.145801,0.135885,0.126379,0.117293,0.108632,0.100401,0.0926003,0.0852272,0.0782777,0.071745,0.0656204,0.0598937,0.0545529,0.049585,0.0449757,0.0407101,0.0367724,0.0331466,0.0298163,0.0267649,0.0239759,0.0214331,0.0191201,0.0170215,0.0151218,0.0134063,0.0118608,0.0104718,0.00922639,0.00811226,0.00711794,0.0062326,0.00544613,0.00474908,0.00413271,0.00358893,0.00311028,0.00268993,0.0023216,0.00199958,0.00171869,0.00147423,0.00126195,0.00107802,0.000919013,0.00078186,0.000663819,0.000562454,0.000475603,0.000401355,0.000338023,0.000284127,0.000238367,0.000199606,0.000166857,0.000139259,0.000116068,9.6643e-05,8.04326e-05,6.6966e-05,5.58427e-05,4.67252e-05,3.93312e-05,3.3428e-05,2.8827e-05,2.53799e-05,2.29749e-05,2.15343e-05,2.1013e-05,2.13971e-05,2.27038e-05,2.49824e-05,2.83149e-05,3.28188e-05,3.86496e-05,4.60049e-05,5.51288e-05,6.63183e-05,7.99291e-05,9.63842e-05,0.000116182,0.000139909,0.000168246,0.000201989,0.000242054,0.000289504,0.000345556,0.000411608,0.000489256,0.00058032,0.000686863,0.000811225,0.000956045,0.00112429,0.0013193,0.00154479,0.00180492,0.0021043,0.00244804,0.00284179,0.00329174,0.00380471,0.00438813,0.00505008,0.00579935,0.00664542,0.00759849,0.0086695,0.00987013,0.0112128,0.0127106,0.0143775,0.0162279,0.018277,0.0205404,0.0230343,0.0257755,0.0287806,0.0320669,0.0356516,0.0395515,0.0437836,0.0483643,0.0533091,0.0586331,0.06435,0.0704725,0.0770114,0.0839761,0.0913739,0.0992095,0.107486,0.116202,0.125355,0.134939,0.144944,0.155356,0.166159,0.177332,0.188849,0.200684,0.212803,0.22517,0.237745,0.250485,0.263342,0.276266,0.289203,0.302099,0.314894,0.327529,0.339942,0.352071,0.363853,0.375227,0.386129,0.396499,0.406278,0.415411,0.423841,0.431521,0.438403,0.444445,0.44961,0.453866,0.457186,0.45955,0.460943,0.461357,0.460789,0.459243,0.456729,0.453263,0.448869,0.443573,0.437408,0.430414,0.422632,0.41411,0.404898,0.395049,0.384618,0.373662,0.362237,0.350399,0.3382,0.325686,0.312896,0.299852,0.286557,0.272979,0.259038,0.244581,0.229346,0.212905
0.38,0.238267,0.226067,0.214051,0.202258,0.190723,0.179477,0.168548,0.15796,0.147734,0.137887,0.128433,0.119383,0.110743,0.102518,0.0947107,0.0873188,0.0803395,0.073767,0.0675941,0.0618113,0.056408,0.0513721,0.0466904,0.042349,0.0383331,0.0346273,0.0312162,0.0280839,0.0252145,0.0225924,0.0202018,0.0180275,0.0160545,0.0142685,0.0126555,0.0112021,0.00989551,0.00872363,0.00767497,0.00673871,0.00590471,0.00516347,0.00450617,0.0039246,0.0034112,0.00295897,0.00256153,0.00221301,0.00190806,0.00164182,0.00140989,0.0012083,0.00103345,0.000882141,0.00075148,0.0006389,0.00054211,0.00045908,0.000388012,0.00032732,0.000275607,0.000231649,0.000194376,0.000162854,0.000136272,0.000113929,9.52186e-05,7.96233e-05,6.67003e-05,5.60756e-05,4.74354e-05,4.05205e-05,3.51204e-05,3.10689e-05,2.82411e-05,2.655e-05,2.59451e-05,2.64113e-05,2.79685e-05,3.06725e-05,3.46161e-05,3.99317e-05,4.67942e-05,5.54253e-05,6.60981e-05,7.91435e-05,9.4957e-05,0.000114007,0.000136844,0.000164111,0.000196558,0.000235049,0.000280584,0.000334312,0.000397548,0.000471795,0.000558762,0.00066039,0.000778875,0.000916692,0.00107663,0.0012618,0.00147571,0.00172224,0.0020057,0.00233089,0.00270307,0.00312805,0.00361221,0.00416248,0.00478644,0.00549231,0.00628895,0.00718594,0.00819351,0.00932262,0.0105849,0.0119928,0.0135592,0.0152978,0.017223,0.0193494,0.0216926,0.0242682,0.0270923,0.0301813,0.0335515,0.0372194,0.0412013,0.045513,0.0501699,0.0551869,0.0605776,0.0663548,0.0725299,0.0791127,0.0861113,0.0935317,0.101378,0.109651,0.11835,0.12747,0.137004,0.146941,0.157269,0.167968,0.179019,0.190395,0.20207,0.21401,0.22618,0.23854,0.251048,0.263658,0.27632,0.288983,0.301594,0.314095,0.326429,0.338537,0.350359,0.361836,0.372906,0.383511,0.393592,0.403095,0.411964,0.420148,0.4276,0.434276,0.440135,0.445142,0.449267,0.452484,0.454775,0.456124,0.456524,0.455973,0.454475,0.452038,0.448679,0.444418,0.439281,0.433301,0.426513,0.418956,0.410676,0.401719,0.392133,0.381969,0.371276,0.360101,0.348487,0.336469,0.324068,0.311284,0.298085,0.284393,0.270057,0.25482,0.238267
0.39,0.263256,0.25105,0.238929,0.226936,0.215111,0.203493,0.192115,0.181009,0.170203,0.15972,0.149582,0.139807,0.130408,0.121398,0.112783,0.10457,0.0967607,0.0893553,0.0823516,0.075745,0.0695291,0.0636957,0.0582351,0.0531363,0.0483871,0.0439744,0.0398844,0.0361027,0.0326144,0.0294044,0.0264576,0.0237587,0.0212926,0.0190446,0.017,0.0151448,0.0134652,0.0119481,0.0105809,0.00935157,0.00824867,0.00726142,0.00637967,0.00559389,0.00489519,0.00427528,0.00372649,0.00324173,0.00281446,0.00243868,0.00210891,0.00182014,0.00156781,0.00134781,0.00115641,0.000990239,0.000846291,0.000721861,0.000614534,0.000522161,0.000442833,0.000374858,0.000316744,0.000267177,0.000225005,0.000189219,0.000158939,0.000133402,0.000111947,9.40075e-05,7.90967e-05,6.68025e-05,5.67787e-05,4.87381e-05,4.24472e-05,3.77215e-05,3.44221e-05,3.24522e-05,3.17558e-05,3.23164e-05,3.4157e-05,3.73402e-05,4.19705e-05,4.81959e-05,5.62118e-05,6.62652e-05,7.86595e-05,9.37612e-05,0.000112007,0.000133913,0.000160083,0.00019122,0.000228139,0.000271782,0.000323229,0.000383718,0.000454661,0.000537667,0.000634557,0.000747395,0.000878503,0.00103049,0.00120629,0.00140918,0.00164278,0.00191115,0.00221876,0.00257056,0.00297197,0.00342895,0.003948,0.00453622,0.00520129,0.00595152,0.00679588,0.00774396,0.00880605,0.00999308,0.0113167,0.0127891,0.0144231,0.0162323,0.0182307,0.0204328,0.0228535,0.0255082,0.0284124,0.0315818,0.0350323,0.0387796,0.042839,0.0472256,0.051954,0.0570377,0.0624897,0.0683216,0.0745436,0.0811645,0.0881913,0.0956288,0.10348,0.111744,0.120421,0.129503,0.138984,0.148851,0.159091,0.169686,0.180613,0.191849,0.203364,0.215128,0.227104,0.239254,0.251535,0.263904,0.276313,0.288711,0.301046,0.313264,0.325309,0.337124,0.348651,0.359834,0.370614,0.380935,0.390741,0.399979,0.408597,0.416547,0.423782,0.430262,0.435947,0.440804,0.444804,0.447924,0.450145,0.451453,0.45184,0.451305,0.449851,0.447488,0.444228,0.440093,0.435107,0.429299,0.422703,0.415356,0.407297,0.398568,0.389211,0.379268,0.368775,0.357761,0.346244,0.334222,0.321663,0.308488,0.294551,0.279605,0.263256
0.4,0.287382,0.275401,0.263399,0.251424,0.239519,0.227728,0.216091,0.204645,0.193423,0.182456,0.171773,0.161396,0.151349,0.141647,0.132307,0.12334,0.114755,0.106557,0.0987512,0.0913374,0.0843144,0.0776788,0.0714251,0.0655462,0.0600333,0.0548764,0.0500643,0.0455848,0.041425,0.0375711,0.0340092,0.0307248,0.0277034,0.0249304,0.0223911,0.0200713,0.0179567,0.0160336,0.0142886,0.0127087,0.0112815,0.00999512,0.00883818,0.00779997,0.00687035,0.00603977,0.0052993,0.00464059,0.00405588,0.00353798,0.00308023,0.00267651,0.00232122,0.00200919,0.00173576,0.00149664,0.00128798,0.00110629,0.000948403,0.000811504,0.000693051,0.000590778,0.000502667,0.000426924,0.000361959,0.000306368,0.000258917,0.000218519,0.000184227,0.000155214,0.000130764,0.000110257,9.31634e-05,7.90314e-05,6.74808e-05,5.81955e-05,5.09183e-05,4.54455e-05,4.16233e-05,3.93451e-05,3.85492e-05,3.92178e-05,4.13767e-05,4.50962e-05,5.04928e-05,5.77311e-05,6.7028e-05,7.86568e-05,9.29526e-05,0.000110319,0.000131235,0.000156266,0.00018607,0.000221413,0.000263178,0.000312381,0.000370185,0.000437919,0.000517093,0.000609418,0.000716831,0.000841512,0.000985911,0.00115277,0.00134516,0.00156649,0.00182055,0.00211153,0.00244405,0.0028232,0.00325455,0.00374421,0.00429879,0.00492551,0.00563215,0.0064271,0.00731938,0.00831864,0.00943514,0.0106798,0.0120641,0.0136003,0.015301,0.0171795,0.0192495,0.0215253,0.0240213,0.0267525,0.0297339,0.0329806,0.0365078,0.0403304,0.0444631,0.0489202,0.0537151,0.0588607,0.0643687,0.0702499,0.0765135,0.083167,0.0902165,0.0976658,0.105517,0.113768,0.122418,0.131459,0.140882,0.150677,0.160828,0.171316,0.18212,0.193215,0.204573,0.216162,0.227947,0.239891,0.251952,0.264087,0.27625,0.288391,0.300459,0.312404,0.32417,0.335703,0.346948,0.357849,0.368352,0.378401,0.387944,0.39693,0.405309,0.413034,0.420063,0.426356,0.431875,0.43659,0.440472,0.443499,0.445653,0.446921,0.447297,0.446777,0.445364,0.443069,0.439903,0.435885,0.431038,0.425388,0.418965,0.411801,0.403931,0.395386,0.386197,0.376387,0.365968,0.354936,0.343255,0.33085,0.317581,0.303215,0.287382
0.41,0.310181,0.29865,0.286992,0.275255,0.263487,0.251735,0.240041,0.228449,0.216996,0.205718,0.194651,0.183823,0.173262,0.162993,0.153037,0.143411,0.134132,0.125212,0.11666,0.108482,0.100684,0.0932658,0.0862284,0.0795686,0.073282,0.0673624,0.061802,0.0565917,0.0517211,0.0471791,0.0429533,0.0390311,0.0353991,0.0320435,0.0289504,0.0261058,0.0234957,0.0211061,0.0189233,0.0169338,0.0151245,0.0134828,0.0119963,0.0106533,0.00944262,0.00835358,0.00737606,0.00650052,0.00571801,0.00502012,0.00439903,0.00384746,0.00335865,0.00292638,0.0025449,0.00220896,0.00191374,0.00165484,0.00142827,0.00123039,0.00105795,0.000907972,0.000777815,0.000665096,0.000567687,0.000483691,0.000411424,0.000349392,0.000296277,0.000250918,0.000212295,0.000179519,0.000151814,0.000128512,0.000109034,9.28905e-05,7.96648e-05,6.90116e-05,6.06489e-05,5.4353e-05,4.99553e-05,4.73385e-05,4.6435e-05,4.72258e-05,4.974e-05,5.40558e-05,6.03021e-05,6.86611e-05,7.93719e-05,9.27353e-05,0.000109119,0.000128965,0.000152797,0.000181229,0.000214976,0.000254867,0.000301854,0.000357029,0.000421639,0.000497103,0.000585027,0.000687228,0.000805753,0.000942899,0.00110124,0.00128365,0.00149332,0.00173381,0.00200904,0.00232334,0.00268148,0.00308867,0.00355062,0.00407355,0.0046642,0.00532988,0.00607845,0.00691838,0.00785871,0.0089091,0.0100798,0.0113817,0.0128262,0.0144253,0.0161915,0.0181379,0.0202779,0.0226253,0.0251944,0.0279995,0.0310552,0.0343759,0.0379762,0.0418704,0.0460723,0.0505953,0.0554522,0.0606548,0.066214,0.0721394,0.0784394,0.0851205,0.0921878,0.099644,0.10749,0.115724,0.124343,0.133339,0.142703,0.152422,0.162482,0.172862,0.183543,0.194498,0.2057,0.217117,0.228716,0.240458,0.252304,0.264211,0.276134,0.288026,0.299838,0.311519,0.323016,0.334278,0.345252,0.355883,0.366119,0.375908,0.385199,0.393944,0.402095,0.409607,0.416439,0.422554,0.427916,0.432494,0.436264,0.439202,0.441292,0.442522,0.442885,0.442378,0.441004,0.43877,0.435689,0.431776,0.427051,0.421537,0.415257,0.408235,0.400493,0.392049,0.382908,0.37306,0.362471,0.351066,0.338713,0.325197,0.310181
0.42,0.331226,0.32036,0.309261,0.297979,0.286564,0.275064,0.263523,0.251988,0.2405,0.229101,0.217829,0.206718,0.195803,0.185113,0.174674,0.164513,0.154649,0.145102,0.135887,0.127016,0.1185,0.110346,0.102559,0.0951415,0.0880939,0.0814145,0.0750996,0.0691439,0.0635405,0.0582812,0.0533566,0.048756,0.0444684,0.0404814,0.0367827,0.033359,0.0301972,0.0272837,0.024605,0.0221477,0.0198984,0.017844,0.0159717,0.0142691,0.0127241,0.0113251,0.0100611,0.00892147,0.00789612,0.00697556,0.0061508,0.00541344,0.00475559,0.00416988,0.0036495,0.00318811,0.00277987,0.0024194,0.00210176,0.00182244,0.00157732,0.00136264,0.00117503,0.00101139,0.000868967,0.000745263,0.000638046,0.000545319,0.000465301,0.000396412,0.000337248,0.000286573,0.000243296,0.000206464,0.000175244,0.000148911,0.000126845,0.00010851,9.34569e-05,8.13087e-05,7.1758e-05,6.45609e-05,5.95329e-05,5.65462e-05,5.55272e-05,5.64555e-05,5.93638e-05,6.43384e-05,7.15214e-05,8.11131e-05,9.33756e-05,0.000108638,0.000127302,0.000149849,0.000176847,0.000208962,0.000246966,0.000291751,0.000344341,0.000405902,0.000477767,0.000561442,0.000658633,0.000771258,0.000901472,0.00105169,0.0012246,0.00142321,0.00165083,0.00191115,0.00220823,0.00254652,0.00293092,0.00336678,0.00385992,0.00441665,0.00504384,0.00574885,0.00653964,0.0074247,0.0084131,0.0095145,0.0107391,0.0120977,0.0136016,0.0152627,0.0170933,0.0191061,0.0213143,0.0237315,0.0263713,0.0292477,0.0323747,0.0357663,0.0394363,0.0433982,0.0476653,0.0522501,0.0571645,0.0624195,0.0680251,0.07399,0.0803215,0.0870255,0.0941058,0.101564,0.109401,0.117614,0.126198,0.135146,0.144448,0.15409,0.164057,0.174329,0.184886,0.195703,0.20675,0.217998,0.229413,0.240958,0.252594,0.26428,0.275971,0.287622,0.299185,0.310611,0.32185,0.332851,0.343563,0.353935,0.363916,0.373456,0.382507,0.391021,0.398953,0.406261,0.412906,0.41885,0.424062,0.428511,0.432172,0.435026,0.437055,0.438247,0.438596,0.438099,0.436757,0.434576,0.431565,0.427738,0.423107,0.417689,0.411496,0.404538,0.396814,0.388312,0.378993,0.368786,0.357571,0.345151,0.331226
0.43,0.350148,0.340139,0.3298,0.319178,0.308323,0.297282,0.286103,0.274831,0.263511,0.252187,0.2409,0.229691,0.218595,0.207649,0.196883,0.186329,0.176014,0.16596,0.15619,0.146722,0.137572,0.128754,0.120277,0.11215,0.104378,0.0969653,0.0899117,0.0832169,0.0768781,0.0708906,0.0652485,0.0599445,0.0549698,0.0503148,0.0459689,0.0419209,0.0381587,0.0346701,0.0314424,0.0284626,0.0257177,0.0231947,0.0208807,0.0187629,0.016829,0.0150666,0.0134639,0.0120097,0.0106928,0.00950285,0.00842983,0.00746425,0.00659715,0.0058201,0.00512516,0.00450495,0.00395254,0.00346153,0.00302598,0.00264041,0.00229977,0.00199944,0.00173517,0.0015031,0.00129973,0.00112187,0.000966628,0.000831413,0.000713888,0.000611956,0.000523743,0.00044758,0.000381983,0.000325637,0.000277382,0.000236199,0.000201195,0.000171596,0.00014673,0.000126022,0.000108985,9.52118e-05,8.43681e-05,7.61892e-05,7.04751e-05,6.70866e-05,6.59442e-05,6.70262e-05,7.0369e-05,7.60675e-05,8.42773e-05,9.52172e-05,0.000109173,0.000126504,0.000147645,0.000173118,0.000203539,0.000239623,0.000282202,0.000332231,0.000390804,0.000459167,0.000538733,0.000631098,0.000738064,0.000861651,0.00100412,0.001168,0.00135609,0.00157152,0.00181773,0.00209852,0.00241807,0.00278098,0.00319224,0.00365733,0.00418216,0.00477317,0.00543727,0.00618192,0.00701511,0.00794537,0.00898177,0.0101339,0.0114121,0.0128268,0.0143893,0.0161114,0.018005,0.0200828,0.0223575,0.0248423,0.0275505,0.0304956,0.0336911,0.0371504,0.0408866,0.0449127,0.049241,0.0538835,0.0588511,0.0641542,0.0698017,0.0758015,0.0821601,0.0888824,0.0959714,0.103428,0.111252,0.11944,0.127987,0.136883,0.14612,0.155683,0.165556,0.175721,0.186154,0.196833,0.207728,0.21881,0.230044,0.241397,0.252828,0.264298,0.275764,0.287181,0.298503,0.309683,0.320673,0.331423,0.341884,0.352007,0.361743,0.371044,0.379864,0.388157,0.395881,0.402994,0.409459,0.415241,0.420309,0.424634,0.428192,0.430963,0.432931,0.434085,0.434417,0.433922,0.432601,0.430456,0.427492,0.423714,0.419129,0.413735,0.407529,0.400491,0.392584,0.38374,0.373848,0.362738,0.350148
0.44,0.366637,0.357654,0.348253,0.338478,0.328375,0.31799,0.30737,0.296562,0.28561,0.274559,0.263454,0.252336,0.241245,0.23022,0.219298,0.208513,0.197896,0.187477,0.177283,0.167337,0.157661,0.148274,0.139192,0.130428,0.121993,0.113896,0.106143,0.0987381,0.0916825,0.0849763,0.0786175,0.0726024,0.0669257,0.0615809,0.0565601,0.0518544,0.047454,0.0433483,0.0395261,0.0359756,0.0326847,0.0296412,0.0268324,0.0242458,0.021869,0.0196895,0.0176952,0.0158741,0.0142148,0.012706,0.0113368,0.0100969,0.00897648,0.00796597,0.0070565,0.00623961,0.00550737,0.00485232,0.0042675,0.00374643,0.00328309,0.0028719,0.00250772,0.00218581,0.00190183,0.00165181,0.00143213,0.00123949,0.0010709,0.000923664,0.00079534,0.000683738,0.000586892,0.000503044,0.000430629,0.000368257,0.000314698,0.000268866,0.000229811,0.000196704,0.000168826,0.00014556,0.00012638,0.000110848,9.86041e-05,8.93616e-05,8.2904e-05,7.90815e-05,7.7808e-05,7.90607e-05,8.288e-05,8.93695e-05,9.86988e-05,0.000111106,0.000126901,0.000146473,0.000170293,0.000198922,0.000233024,0.000273367,0.00032084,0.000376464,0.000441403,0.00051698,0.000604689,0.000706217,0.000823458,0.000958533,0.00111381,0.00129191,0.00149577,0.00172861,0.00199401,0.00229587,0.0026385,0.00302659,0.00346526,0.00396007,0.00451706,0.00514272,0.00584404,0.00662855,0.00750425,0.0084797,0.00956395,0.0107666,0.0120977,0.0135679,0.0151882,0.0169701,0.0189255,0.0210666,0.023406,0.0259564,0.0287307,0.0317419,0.0350031,0.0385269,0.042326,0.0464126,0.0507985,0.0554947,0.0605115,0.0658584,0.0715435,0.077574,0.0839554,0.0906918,0.0977854,0.105237,0.113044,0.121204,0.12971,0.138553,0.147722,0.157205,0.166984,0.177039,0.187351,0.197892,0.208637,0.219555,0.230613,0.241777,0.253009,0.264269,0.275516,0.286706,0.297796,0.308738,0.319487,0.329995,0.340215,0.350098,0.359599,0.368672,0.37727,0.385352,0.392876,0.399802,0.406096,0.411722,0.416651,0.420856,0.424313,0.427003,0.42891,0.430021,0.430327,0.429821,0.4285,0.42636,0.423398,0.419608,0.414977,0.409484,0.40309,0.395733,0.387315,0.377687,0.366637
0.45,0.380455,0.372639,0.364327,0.35556,0.346379,0.336829,0.326953,0.316797,0.306404,0.29582,0.285089,0.274253,0.263356,0.252437,0.241538,0.230694,0.219942,0.209315,0.198844,0.188559,0.178485,0.168647,0.159066,0.149761,0.140748,0.132041,0.12365,0.115586,0.107855,0.100461,0.0934069,0.086693,0.0803181,0.0742792,0.0685718,0.0631901,0.058127,0.0533743,0.0489229,0.0447629,0.0408837,0.0372743,0.0339231,0.0308183,0.0279479,0.0252999,0.022862,0.0206225,0.0185692,0.0166908,0.0149758,0.0134132,0.0119923,0.010703,0.00953538,0.00848011,0.0075283,0.0066715,0.00590177,0.00521164,0.00459409,0.00404257,0.00355101,0.00311373,0.0027255,0.0023815,0.00207728,0.00180878,0.00157225,0.00136431,0.00118187,0.00102212,0.000882518,0.00076079,0.000654878,0.000562938,0.000483326,0.000414575,0.000355385,0.000304608,0.000261232,0.000224375,0.00019327,0.000167256,0.000145773,0.000128347,0.000114594,0.000104204,9.69451e-05,9.26556e-05,9.12436e-05,9.2685e-05,9.70239e-05,0.000104373,0.000114917,0.000128913,0.000146697,0.000168686,0.000195388,0.000227407,0.000265451,0.000310344,0.000363033,0.000424602,0.000496287,0.000579487,0.000675777,0.000786933,0.000914939,0.00106201,0.00123062,0.0014235,0.00164369,0.00189452,0.00217966,0.00250315,0.00286939,0.00328319,0.00374976,0.00427475,0.00486428,0.00552491,0.0062637,0.0070882,0.00800645,0.009027,0.0101589,0.0114116,0.0127952,0.0143201,0.0159972,0.0178378,0.0198536,0.0220565,0.0244587,0.0270725,0.0299106,0.0329854,0.0363093,0.0398947,0.0437534,0.0478972,0.0523369,0.0570831,0.0621452,0.0675319,0.0732506,0.0793077,0.0857078,0.0924544,0.0995489,0.106991,0.114779,0.122907,0.131369,0.140157,0.149258,0.158659,0.168342,0.178289,0.188478,0.198885,0.209481,0.220238,0.231123,0.242103,0.25314,0.264196,0.27523,0.286201,0.297066,0.307779,0.318295,0.32857,0.338557,0.34821,0.357485,0.366337,0.374724,0.382603,0.389935,0.396682,0.40281,0.408286,0.413081,0.417169,0.420526,0.423133,0.424972,0.426029,0.426292,0.425749,0.42439,0.422202,0.419167,0.415259,0.41044,0.404654,0.397816,0.389806,0.380455
0.46,0.391436,0.384895,0.377794,0.370168,0.362055,0.353495,0.344527,0.335193,0.325537,0.3156,0.305427,0.29506,0.284542,0.273914,0.263219,0.252496,0.241782,0.231115,0.220529,0.210058,0.199731,0.189578,0.179625,0.169894,0.160408,0.151185,0.142243,0.133594,0.12525,0.117221,0.109515,0.102135,0.0950858,0.0883677,0.0819802,0.0759212,0.0701867,0.0647718,0.0596699,0.0548737,0.0503747,0.0461637,0.0422307,0.0385653,0.0351564,0.0319929,0.0290633,0.0263558,0.0238589,0.0215608,0.0194501,0.0175155,0.0157458,0.0141303,0.0126585,0.0113202,0.0101058,0.00900603,0.00801198,0.00711527,0.00630796,0.00558255,0.00493199,0.00434971,0.00382953,0.00336574,0.00295302,0.00258645,0.0022615,0.00197401,0.00172014,0.0014964,0.00129961,0.00112686,0.00097552,0.000843222,0.000727821,0.00062739,0.000540205,0.000464725,0.000399581,0.00034356,0.000295593,0.000254743,0.000220194,0.000191245,0.000167294,0.000147839,0.000132466,0.000120844,0.000112726,0.000107937,0.000106379,0.000108027,0.00011293,0.000121211,0.000133066,0.000148775,0.000168697,0.000193281,0.000223072,0.000258715,0.000300966,0.0003507,0.000408925,0.000476789,0.000555598,0.000646824,0.000752126,0.000873363,0.00101261,0.00117218,0.00135464,0.00156283,0.00179987,0.00206922,0.00237464,0.00272028,0.00311064,0.00355062,0.00404552,0.00460107,0.00522347,0.00591933,0.00669576,0.00756033,0.00852109,0.00958656,0.0107657,0.0120681,0.0135035,0.0150823,0.0168153,0.0187134,0.0207881,0.0230511,0.0255143,0.0281896,0.0310891,0.0342248,0.0376088,0.0412527,0.0451679,0.0493654,0.0538556,0.058648,0.0637517,0.0691744,0.0749229,0.0810027,0.0874179,0.094171,0.101263,0.108692,0.116457,0.124551,0.132968,0.141698,0.150729,0.160047,0.169635,0.179474,0.189541,0.199814,0.210264,0.220863,0.231579,0.242378,0.253225,0.264083,0.274911,0.285669,0.296315,0.306806,0.317098,0.327148,0.336911,0.346343,0.3554,0.364041,0.372223,0.379907,0.387054,0.393628,0.399596,0.404926,0.40959,0.41356,0.416813,0.419329,0.421087,0.42207,0.422259,0.421636,0.420178,0.417857,0.414637,0.410466,0.405275,0.398973,0.391436
0.47,0.399489,0.394296,0.388495,0.382114,0.375185,0.367742,0.359821,0.351459,0.342695,0.33357,0.324125,0.314401,0.304439,0.294282,0.283971,0.273546,0.263047,0.252513,0.241981,0.231486,0.221064,0.210745,0.200561,0.190538,0.180703,0.17108,0.161689,0.15255,0.143678,0.135089,0.126794,0.118803,0.111124,0.103761,0.0967199,0.0900008,0.0836042,0.0775284,0.0717704,0.0663257,0.0611885,0.0563522,0.0518088,0.0475499,0.0435661,0.0398475,0.0363837,0.033164,0.0301773,0.0274125,0.0248584,0.0225035,0.0203369,0.0183473,0.0165241,0.0148566,0.0133345,0.0119478,0.0106871,0.00954309,0.00850698,0.00757042,0.00672547,0.00596465,0.00528089,0.00466756,0.00411845,0.00362777,0.00319014,0.00280057,0.00245443,0.00214748,0.00187579,0.00163578,0.00142416,0.00123795,0.00107443,0.000931135,0.000805832,0.000696517,0.000601389,0.000518835,0.000447416,0.000385856,0.000333028,0.000287942,0.000249734,0.000217658,0.000191077,0.000169455,0.000152351,0.000139413,0.000130375,0.000125053,0.000123343,0.000125218,0.000130731,0.000140013,0.000153279,0.000170825,0.000193039,0.000220399,0.000253487,0.000292989,0.000339709,0.000394577,0.000458657,0.000533162,0.000619466,0.000719117,0.000833853,0.000965615,0.00111657,0.00128912,0.00148592,0.00170991,0.00196431,0.00225268,0.00257889,0.00294716,0.0033621,0.00382868,0.00435229,0.00493874,0.00559427,0.00632556,0.00713973,0.00804438,0.00904754,0.0101577,0.0113838,0.0127353,0.0142218,0.0158537,0.0176414,0.0195958,0.021728,0.0240495,0.0265717,0.0293063,0.032265,0.0354592,0.0389005,0.0426001,0.0465687,0.0508167,0.0553538,0.0601891,0.0653307,0.0707858,0.0765604,0.0826594,0.0890861,0.0958423,0.102928,0.110342,0.118081,0.126139,0.134508,0.143178,0.152138,0.161372,0.170865,0.180595,0.190543,0.200683,0.210989,0.221432,0.231982,0.242606,0.253268,0.263932,0.274559,0.285111,0.295546,0.305822,0.315898,0.32573,0.335277,0.344495,0.353343,0.36178,0.369765,0.377261,0.384229,0.390636,0.396447,0.401632,0.406162,0.41001,0.41315,0.415558,0.417212,0.418086,0.418155,0.417389,0.415754,0.413205,0.409689,0.405142,0.399489
0.48,0.404589,0.400787,0.396342,0.391278,0.385618,0.379392,0.372628,0.365361,0.357623,0.349452,0.340886,0.331962,0.32272,0.313201,0.303444,0.29349,0.283379,0.27315,0.262842,0.252492,0.242137,0.231812,0.221549,0.21138,0.201335,0.191441,0.181724,0.172207,0.162912,0.153856,0.145057,0.136529,0.128284,0.120333,0.112683,0.105341,0.0983102,0.0915931,0.0851905,0.0791013,0.073323,0.0678517,0.0626826,0.0578093,0.0532247,0.048921,0.0448893,0.0411202,0.0376041,0.0343306,0.0312892,0.0284691,0.0258595,0.0234496,0.0212284,0.0191853,0.0173096,0.0155911,0.0140195,0.0125852,0.0112786,0.0100907,0.00901273,0.00803643,0.00715387,0.00635757,0.00564044,0.00499584,0.00441751,0.00389962,0.00343672,0.00302374,0.002656,0.00232915,0.00203919,0.00178246,0.00155558,0.00135547,0.00117933,0.00102461,0.000889007,0.000770426,0.000666993,0.000577024,0.000499014,0.000431623,0.000373667,0.000324103,0.00028202,0.000246627,0.000217252,0.000193325,0.000174379,0.00016004,0.000150024,0.000144137,0.000142268,0.000144389,0.000150558,0.000160916,0.000175691,0.000195202,0.00021986,0.000250177,0.000286769,0.000330366,0.000381819,0.000442109,0.00051236,0.000593848,0.000688014,0.000796481,0.000921061,0.00106378,0.00122689,0.00141287,0.00162449,0.00186476,0.00213701,0.00244487,0.00279232,0.00318366,0.00362359,0.00411715,0.00466981,0.00528743,0.00597631,0.00674315,0.00759511,0.00853977,0.00958516,0.0107397,0.0120124,0.0134123,0.0149493,0.0166333,0.0184746,0.020484,0.0226723,0.0250506,0.02763,0.0304218,0.0334373,0.0366876,0.0401836,0.0439359,0.0479549,0.0522503,0.0568312,0.0617059,0.0668821,0.0723661,0.0781634,0.0842781,0.090713,0.0974691,0.104546,0.111942,0.119652,0.127671,0.13599,0.1446,0.153487,0.162638,0.172034,0.181657,0.191485,0.201494,0.211659,0.22195,0.232337,0.242789,0.25327,0.263746,0.274178,0.28453,0.29476,0.304828,0.314695,0.324317,0.333655,0.342667,0.351313,0.359553,0.367347,0.37466,0.381454,0.387695,0.393349,0.398387,0.402777,0.406492,0.409502,0.41178,0.413297,0.414024,0.413927,0.412971,0.411119,0.408334,0.404589
0.49,0.406778,0.404376,0.401314,0.397605,0.393269,0.388327,0.382804,0.376725,0.370121,0.363021,0.355461,0.347474,0.339097,0.330367,0.321322,0.312,0.302442,0.292684,0.282768,0.272729,0.262606,0.252436,0.242254,0.232093,0.221986,0.211965,0.202057,0.19229,0.18269,0.173279,0.164078,0.155107,0.146381,0.137915,0.129723,0.121813,0.114195,0.106875,0.0998574,0.0931453,0.0867396,0.0806399,0.0748444,0.0693498,0.0641518,0.0592446,0.0546219,0.0502762,0.0461994,0.0423827,0.0388167,0.0354918,0.0323978,0.0295246,0.0268615,0.0243981,0.022124,0.0200286,0.0181016,0.016333,0.0147128,0.0132314,0.0118795,0.0106482,0.00952867,0.0085128,0.0075927,0.00676089,0.0060103,0.00533425,0.00472648,0.00418109,0.00369259,0.00325585,0.00286611,0.00251896,0.00221033,0.00193645,0.00169387,0.00147944,0.00129027,0.00112373,0.000977434,0.000849214,0.000737123,0.000639406,0.000554493,0.000480983,0.000417635,0.000363354,0.00031718,0.000278283,0.00024595,0.000219582,0.000198682,0.000182856,0.000171804,0.000165319,0.000163284,0.000165672,0.000172544,0.00018405,0.000200436,0.000222038,0.000249295,0.00028275,0.000323054,0.000370981,0.000427427,0.000493427,0.000570161,0.000658968,0.000761356,0.000879018,0.00101384,0.00116794,0.00134363,0.00154349,0.00177037,0.00202738,0.00231792,0.00264572,0.00301483,0.00342965,0.00389493,0.0044158,0.00499779,0.00564681,0.00636919,0.00717167,0.0080614,0.00904596,0.0101334,0.011332,0.0126506,0.0140985,0.015685,0.0174202,0.0193141,0.0213772,0.02362,0.0260533,0.0286881,0.0315351,0.0346051,0.037909,0.0414571,0.0452595,0.049326,0.0536657,0.0582872,0.0631982,0.0684057,0.0739154,0.0797321,0.0858594,0.0922992,0.0990523,0.106118,0.113492,0.121172,0.12915,0.137418,0.145965,0.154779,0.163845,0.173146,0.182662,0.192372,0.202252,0.212277,0.222418,0.232646,0.24293,0.253235,0.263528,0.273771,0.283927,0.293959,0.303826,0.31349,0.322909,0.332045,0.340858,0.349307,0.357355,0.364964,0.372097,0.378718,0.384793,0.390289,0.395173,0.399414,0.402981,0.405844,0.407974,0.409341,0.409919,0.409685,0.408633,0.406778
0.5,0.406156,0.405135,0.403449,0.401106,0.398117,0.394498,0.390266,0.385442,0.380049,0.374113,0.367661,0.360724,0.353334,0.345525,0.33733,0.328787,0.319931,0.310801,0.301434,0.291867,0.282139,0.272285,0.262343,0.252347,0.242333,0.232333,0.222379,0.212502,0.202729,0.193088,0.183603,0.174298,0.165191,0.156304,0.147652,0.13925,0.13111,0.123244,0.11566,0.108364,0.101363,0.0946579,0.0882519,0.0821447,0.0763349,0.07082,0.065596,0.060658,0.056,0.0516152,0.047496,0.0436341,0.0400208,0.0366468,0.0335025,0.0305781,0.0278634,0.0253483,0.0230226,0.0208763,0.0188993,0.0170816,0.0154137,0.013886,0.0124893,0.0112149,0.0100542,0.00899902,0.00804149,0.0071742,0.0063901,0.00568249,0.00504508,0.00447196,0.00395757,0.00349675,0.00308467,0.00271685,0.00238914,0.00209772,0.00183905,0.0016099,0.00140731,0.00122856,0.00107119,0.000932971,0.000811876,0.000706086,0.000613965,0.000534054,0.000465053,0.000405817,0.000355341,0.000312752,0.0002773,0.000248353,0.00022539,0.000207993,0.000195846,0.000188731,0.000186525,0.000189201,0.000196822,0.000209552,0.000227648,0.000251469,0.000281479,0.000318251,0.000362475,0.000414963,0.000476661,0.000548653,0.000632177,0.000728633,0.000839593,0.000966822,0.00111228,0.00127815,0.00146684,0.00168101,0.00192358,0.00219774,0.00250699,0.00285513,0.0032463,0.00368495,0.00417592,0.00472439,0.00533594,0.00601653,0.00677252,0.00761065,0.00853809,0.00956238,0.0106915,0.0119338,0.0132979,0.0147929,0.0164282,0.0182136,0.0201589,0.0222743,0.0245701,0.0270569,0.0297451,0.0326452,0.0357676,0.0391227,0.0427203,0.0465701,0.0506812,0.0550624,0.0597215,0.0646657,0.0699013,0.0754336,0.0812667,0.0874035,0.0938455,0.100593,0.107644,0.114995,0.122642,0.130577,0.138792,0.147277,0.156017,0.164998,0.174203,0.183612,0.193205,0.202958,0.212845,0.22284,0.232912,0.243031,0.253165,0.263279,0.273338,0.283306,0.293144,0.302816,0.312283,0.321506,0.330446,0.339064,0.347322,0.355183,0.362609,0.369564,0.376012,0.38192,0.387253,0.391979,0.396068,0.399492,0.402224,0.404249,0.40556,0.406176,0.406156
0.51,0.402873,0.403186,0.402844,0.401847,0.400201,0.397913,0.394996,0.391463,0.387331,0.38262,0.377352,0.371553,0.365248,0.358467,0.351241,0.343603,0.335584,0.327221,0.318549,0.309604,0.300422,0.29104,0.281494,0.271819,0.262052,0.252227,0.242377,0.232534,0.222731,0.212995,0.203355,0.193837,0.184467,0.175265,0.166253,0.15745,0.148872,0.140534,0.132449,0.124628,0.117079,0.10981,0.102827,0.0961318,0.0897281,0.083616,0.0777948,0.0722623,0.0670152,0.0620491,0.0573586,0.0529374,0.0487785,0.044874,0.0412158,0.037795,0.0346025,0.0316288,0.0288643,0.0262992,0.0239236,0.0217277,0.0197018,0.0178361,0.0161213,0.0145481,0.0131073,0.0117904,0.0105889,0.00949457,0.00849979,0.00759711,0.00677948,0.00604023,0.00537305,0.00477199,0.00423148,0.00374629,0.00331155,0.00292272,0.00257559,0.00226625,0.00199112,0.00174687,0.00153047,0.00133914,0.00117034,0.00102177,0.000891343,0.000777162,0.000677536,0.000590945,0.000516036,0.000451614,0.000396626,0.00035016,0.000311428,0.000279769,0.000254632,0.00023558,0.000222281,0.000214505,0.000212123,0.000215107,0.000223526,0.000237552,0.000257459,0.000283625,0.000316541,0.00035681,0.000405158,0.000462438,0.000529642,0.000607905,0.00069852,0.000802946,0.000922821,0.00105998,0.00121644,0.00139448,0.00159656,0.00182544,0.00208409,0.00237581,0.00270416,0.00307302,0.00348659,0.0039494,0.00446634,0.00504266,0.00568396,0.00639625,0.00718589,0.00805965,0.00902467,0.0100885,0.011259,0.0125444,0.0139534,0.0154949,0.0171782,0.0190126,0.0210081,0.0231745,0.0255218,0.0280603,0.0308001,0.0337513,0.0369239,0.0403278,0.0439725,0.0478671,0.0520202,0.05644,0.0611338,0.0661083,0.0713691,0.0769211,0.0827676,0.088911,0.0953524,0.102091,0.109125,0.116451,0.124063,0.131955,0.140116,0.148535,0.157201,0.166097,0.175207,0.184511,0.193988,0.203615,0.213368,0.223218,0.233137,0.243096,0.253062,0.263002,0.272882,0.282666,0.292317,0.301799,0.311075,0.320106,0.328855,0.337283,0.345354,0.353031,0.360277,0.367056,0.373334,0.37908,0.384261,0.388852,0.392834,0.396198,0.398954,0.401146,0.402873
0.52,0.397119,0.398697,0.399641,0.399946,0.399611,0.398637,0.39703,0.394796,0.391947,0.388497,0.384461,0.379859,0.374712,0.369044,0.36288,0.35625,0.349182,0.341708,0.33386,0.325671,0.317176,0.30841,0.299407,0.290204,0.280835,0.271334,0.261738,0.252078,0.242388,0.232699,0.223042,0.213445,0.203936,0.19454,0.185282,0.176184,0.167266,0.158547,0.150044,0.141771,0.133741,0.125966,0.118454,0.111214,0.10425,0.0975677,0.0911687,0.0850543,0.0792242,0.0736768,0.0684093,0.0634178,0.0586975,0.0542425,0.0500463,0.0461018,0.042401,0.0389356,0.035697,0.032676,0.0298635,0.02725,0.024826,0.022582,0.0205084,0.0185958,0.0168351,0.015217,0.0137329,0.012374,0.011132,0.00999896,0.00896714,0.00802918,0.00717807,0.00640715,0.00571009,0.00508094,0.0045141,0.0040043,0.00354663,0.00313648,0.00276959,0.002442,0.00215004,0.00189034,0.00165978,0.00145552,0.00127495,0.00111569,0.000975602,0.000852725,0.000745304,0.000651763,0.000570696,0.000500859,0.000441154,0.000390629,0.00034846,0.000313954,0.000286537,0.000265748,0.000251239,0.000242771,0.000240208,0.000243522,0.000252786,0.000268183,0.000290001,0.000318639,0.000354612,0.000398554,0.000451228,0.000513526,0.000586486,0.000671292,0.000769291,0.000882001,0.00101112,0.00115855,0.00132638,0.00151695,0.00173281,0.00197677,0.0022519,0.00256154,0.00290935,0.00329927,0.00373555,0.00422281,0.00476597,0.00537033,0.00604153,0.00678559,0.0076089,0.00851821,0.00952064,0.0106237,0.0118352,0.0131633,0.0146166,0.0162038,0.017934,0.0198166,0.021861,0.024077,0.0264743,0.0290628,0.0318524,0.0348527,0.0380734,0.0415239,0.0452132,0.04915,0.0533424,0.0577981,0.0625239,0.0675259,0.0728091,0.0783779,0.0842351,0.0903826,0.0968208,0.103549,0.110564,0.117862,0.125438,0.133283,0.141389,0.149744,0.158334,0.167146,0.17616,0.18536,0.194723,0.204226,0.213845,0.223554,0.233324,0.243126,0.252928,0.262699,0.272403,0.282008,0.291477,0.300774,0.309864,0.318708,0.32727,0.335514,0.343403,0.350902,0.357976,0.364593,0.370725,0.376348,0.381448,0.386026,0.390108,0.39376,0.397119
0.53,0.389116,0.391871,0.394024,0.395564,0.396485,0.396783,0.396455,0.395503,0.393933,0.391751,0.388968,0.385597,0.381654,0.377156,0.372125,0.366584,0.360557,0.354071,0.347156,0.339841,0.332157,0.324136,0.315812,0.307219,0.29839,0.28936,0.280162,0.270832,0.261401,0.251903,0.242369,0.23283,0.223316,0.213855,0.204474,0.195199,0.186052,0.177056,0.168231,0.159596,0.151168,0.14296,0.134987,0.127259,0.119786,0.112576,0.105635,0.0989663,0.0925743,0.0864599,0.0806234,0.0750636,0.0697783,0.064764,0.0600164,0.0555301,0.0512992,0.0473169,0.0435758,0.040068,0.0367853,0.0337191,0.0308604,0.0282002,0.0257292,0.0234384,0.0213183,0.01936,0.0175543,0.0158923,0.0143654,0.0129651,0.0116831,0.0105117,0.00944308,0.00847001,0.0075855,0.00678291,0.00605592,0.00539857,0.00480523,0.00427061,0.00378975,0.00335801,0.00297107,0.00262491,0.0023158,0.00204031,0.00179525,0.00157772,0.00138504,0.00121479,0.00106473,0.000932857,0.00081736,0.000716606,0.000629139,0.000553663,0.000489041,0.000434278,0.000388517,0.000351035,0.00032123,0.000298623,0.00028285,0.000273659,0.000270912,0.000274576,0.000284734,0.000301574,0.000325402,0.000356636,0.000395816,0.000443607,0.000500805,0.000568343,0.000647303,0.000738918,0.000844587,0.000965885,0.00110457,0.00126261,0.00144215,0.00164561,0.0018756,0.002135,0.00242695,0.00275487,0.00312246,0.00353375,0.00399304,0.00450498,0.00507457,0.00570713,0.00640833,0.0071842,0.00804113,0.00898587,0.0100255,0.0111675,0.0124195,0.0137898,0.0152867,0.0169188,0.0186951,0.0206247,0.0227168,0.0249811,0.0274268,0.0300637,0.0329012,0.0359486,0.0392153,0.0427101,0.0464417,0.0504183,0.0546475,0.0591365,0.0638916,0.0689184,0.0742214,0.0798043,0.0856696,0.0918186,0.0982513,0.104966,0.11196,0.119229,0.126767,0.134565,0.142615,0.150904,0.159419,0.168145,0.177066,0.186161,0.195411,0.204792,0.214281,0.223851,0.233475,0.243123,0.252765,0.26237,0.271904,0.281334,0.290625,0.299742,0.308651,0.317314,0.325697,0.333765,0.341486,0.348828,0.355764,0.362276,0.368355,0.374011,0.379284,0.384263,0.389116
0.54,0.37911,0.382939,0.386206,0.388898,0.391,0.392505,0.393404,0.393693,0.393373,0.392443,0.390908,0.388776,0.386056,0.382761,0.378907,0.37451,0.369591,0.364171,0.358276,0.35193,0.345162,0.338,0.330474,0.322616,0.314458,0.306032,0.297371,0.288509,0.279479,0.270312,0.261043,0.251702,0.24232,0.232928,0.223555,0.214227,0.204973,0.195815,0.186778,0.177884,0.169152,0.1606,0.152247,0.144105,0.136189,0.12851,0.121077,0.113898,0.10698,0.100328,0.0939455,0.0878334,0.0819928,0.076423,0.0711223,0.0660876,0.0613151,0.0568,0.0525367,0.0485189,0.0447397,0.0411917,0.037867,0.0347573,0.0318542,0.0291489,0.0266325,0.0242962,0.022131,0.0201279,0.0182782,0.0165732,0.0150042,0.0135631,0.0122417,0.0110322,0.00992715,0.00891918,0.00800139,0.00716718,0.00641024,0.00572461,0.00510464,0.00454503,0.00404077,0.0035872,0.00317993,0.00281491,0.00248835,0.00219675,0.00193689,0.00170577,0.00150068,0.00131911,0.00115878,0.00101763,0.000893789,0.000785569,0.000691463,0.000610133,0.000540397,0.000481222,0.000431719,0.000391131,0.000358836,0.000334332,0.000317239,0.000307297,0.000304361,0.000308399,0.000319496,0.000337853,0.000363788,0.000397741,0.000440275,0.000492086,0.000554003,0.000626999,0.000712197,0.000810879,0.000924495,0.00105467,0.00120324,0.00137219,0.00156379,0.00178046,0.00202492,0.00230009,0.0026092,0.00295571,0.00334339,0.00377632,0.00425886,0.00479571,0.00539189,0.00605276,0.00678402,0.0075917,0.00848217,0.00946217,0.0105387,0.0117193,0.0130115,0.0144233,0.0159631,0.0176393,0.0194606,0.0214361,0.0235748,0.0258859,0.0283786,0.0310622,0.0339458,0.0370384,0.040349,0.043886,0.0476576,0.0516716,0.0559352,0.060455,0.0652369,0.0702859,0.0756061,0.0812007,0.0870717,0.0932198,0.0996447,0.106344,0.113316,0.120554,0.128052,0.135802,0.143794,0.152017,0.160457,0.169098,0.177925,0.186917,0.196055,0.205317,0.214677,0.22411,0.23359,0.243088,0.252574,0.262017,0.271385,0.280645,0.289764,0.298708,0.307444,0.315939,0.324161,0.332081,0.339677,0.346933,0.353846,0.360437,0.366757,0.372916,0.37911
0.55,0.36736,0.372149,0.376424,0.380167,0.383361,0.385991,0.388045,0.389515,0.390393,0.390675,0.390361,0.389452,0.387951,0.385867,0.383208,0.379987,0.376218,0.371918,0.367107,0.361805,0.356036,0.349825,0.343199,0.336185,0.328812,0.321112,0.313114,0.30485,0.296352,0.287653,0.278785,0.269778,0.260666,0.251478,0.242245,0.232996,0.22376,0.214564,0.205432,0.196391,0.187463,0.178669,0.170028,0.161561,0.153282,0.145207,0.137348,0.129718,0.122326,0.115181,0.108289,0.101655,0.0952829,0.0891752,0.0833327,0.0777553,0.0724414,0.0673887,0.0625937,0.058052,0.0537586,0.0497076,0.0458924,0.0423062,0.0389414,0.0357901,0.0328443,0.0300955,0.0275353,0.0251549,0.0229457,0.0208991,0.0190063,0.017259,0.0156488,0.0141675,0.0128072,0.0115602,0.0104189,0.00937627,0.00842538,0.00755963,0.00677275,0.0060588,0.00541211,0.00482735,0.00429952,0.0038239,0.00339607,0.00301193,0.00266764,0.00235965,0.00208468,0.00183968,0.00162187,0.0014287,0.00125782,0.00110712,0.00097467,0.000858736,0.000757765,0.00067037,0.000595329,0.000531574,0.000478179,0.000434363,0.000399475,0.000372997,0.000354532,0.000343811,0.000340682,0.000345115,0.000357199,0.000377144,0.000405284,0.000442075,0.000488109,0.000544107,0.000610933,0.000689597,0.000781265,0.000887265,0.0010091,0.00114844,0.00130717,0.00148736,0.0016913,0.00192152,0.00218076,0.00247202,0.00279858,0.00316397,0.00357202,0.00402683,0.00453284,0.00509477,0.00571768,0.00640695,0.00716828,0.00800772,0.00893161,0.00994667,0.0110599,0.0122786,0.0136104,0.0150632,0.0166451,0.0183645,0.02023,0.0222503,0.0244343,0.0267909,0.029329,0.0320576,0.0349856,0.0381215,0.041474,0.045051,0.0488604,0.0529096,0.0572052,0.0617534,0.0665596,0.0716284,0.0769634,0.0825673,0.0884416,0.0945867,0.101002,0.107684,0.114631,0.121836,0.129294,0.136994,0.144929,0.153085,0.161449,0.170006,0.17874,0.18763,0.196658,0.2058,0.215034,0.224334,0.233673,0.243024,0.252358,0.261644,0.270851,0.279949,0.288906,0.297692,0.306278,0.314637,0.322751,0.330607,0.33821,0.345587,0.352806,0.35999,0.36736
0.56,0.354134,0.359762,0.364929,0.369614,0.373795,0.377455,0.380577,0.383148,0.385156,0.386592,0.38745,0.387725,0.387418,0.386528,0.385061,0.383023,0.380423,0.377272,0.373586,0.36938,0.364672,0.359484,0.353837,0.347756,0.341267,0.334396,0.327171,0.319623,0.31178,0.303673,0.295334,0.286793,0.278081,0.26923,0.26027,0.251232,0.242144,0.233035,0.223934,0.214865,0.205856,0.196929,0.188108,0.179413,0.170864,0.162479,0.154275,0.146266,0.138466,0.130886,0.123537,0.116426,0.109561,0.102946,0.0965872,0.0904858,0.0846435,0.0790605,0.0737357,0.0686672,0.0638519,0.0592859,0.0549646,0.0508824,0.0470334,0.0434109,0.0400079,0.0368169,0.0338302,0.0310395,0.0284368,0.0260138,0.0237619,0.0216727,0.019738,0.0179494,0.0162986,0.0147779,0.0133792,0.012095,0.0109179,0.00984089,0.00885707,0.00795991,0.00714315,0.00640086,0.00572739,0.00511739,0.00456583,0.00406798,0.00361938,0.00321588,0.00285361,0.00252896,0.0022386,0.00197945,0.00174864,0.00154359,0.00136189,0.00120138,0.00106007,0.00093619,0.000828132,0.000734469,0.000653941,0.00058544,0.000528012,0.000480845,0.000443267,0.000414738,0.000394851,0.000383323,0.00038,0.00038485,0.000397966,0.00041957,0.000450008,0.000489757,0.00053943,0.000599779,0.000671699,0.000756237,0.000854599,0.000968158,0.00109846,0.00124724,0.00141642,0.00160813,0.00182473,0.00206878,0.00234309,0.00265074,0.00299503,0.00337957,0.00380821,0.00428513,0.00481479,0.00540194,0.00605168,0.00676939,0.00756078,0.00843188,0.00938904,0.0104389,0.0115885,0.0128449,0.0142158,0.0157089,0.0173322,0.019094,0.0210026,0.0230666,0.0252946,0.0276953,0.0302774,0.0330494,0.03602,0.0391974,0.0425897,0.0462048,0.0500499,0.0541319,0.0584573,0.0630316,0.0678598,0.0729461,0.0782936,0.0839045,0.08978,0.09592,0.102323,0.108987,0.115907,0.123079,0.130494,0.138144,0.14602,0.154109,0.162398,0.170871,0.179512,0.188302,0.19722,0.206246,0.215356,0.224525,0.233727,0.242935,0.252122,0.261259,0.270318,0.279271,0.288091,0.296757,0.305253,0.31357,0.321721,0.32974,0.337705,0.345756,0.354134
0.57,0.339697,0.346039,0.351978,0.357488,0.362545,0.367129,0.37122,0.3748,0.377854,0.380368,0.382331,0.383734,0.384573,0.384842,0.38454,0.38367,0.382235,0.380241,0.377697,0.374615,0.371008,0.366892,0.362284,0.357206,0.351677,0.345722,0.339364,0.332632,0.32555,0.318149,0.310456,0.302502,0.294316,0.285928,0.27737,0.26867,0.259859,0.250966,0.242019,0.233048,0.224078,0.215135,0.206245,0.197431,0.188715,0.180118,0.171659,0.163357,0.155227,0.147285,0.139544,0.132015,0.124709,0.117633,0.110797,0.104204,0.0978591,0.0917659,0.0859257,0.0803391,0.0750055,0.0699233,0.0650898,0.0605016,0.0561544,0.0520432,0.0481623,0.0445056,0.0410663,0.0378373,0.0348112,0.0319803,0.0293367,0.0268722,0.0245788,0.0224484,0.0204726,0.0186435,0.0169531,0.0153935,0.013957,0.0126362,0.0114237,0.0103126,0.00929611,0.00836768,0.00752114,0.00675054,0.00605025,0.00541493,0.00483953,0.00431929,0.00384973,0.00342666,0.00304618,0.00270464,0.00239864,0.00212506,0.00188101,0.00166381,0.00147104,0.00130046,0.00115006,0.001018,0.000902648,0.000802523,0.000716328,0.000642923,0.000581323,0.000530689,0.000490325,0.000459674,0.000438314,0.000425954,0.000422434,0.000427722,0.000441917,0.000465248,0.000498077,0.000540898,0.000594349,0.000659207,0.0007364,0.00082701,0.000932283,0.00105363,0.00119265,0.00135113,0.00153103,0.00173454,0.00196406,0.00222223,0.0025119,0.00283619,0.00319847,0.00360238,0.00405184,0.00455105,0.0051045,0.00571699,0.00639362,0.00713977,0.00796117,0.00886383,0.00985405,0.0109385,0.012124,0.0134177,0.0148271,0.0163599,0.0180239,0.0198271,0.0217778,0.0238844,0.0261552,0.0285986,0.0312231,0.0340369,0.0370484,0.0402654,0.0436958,0.0473468,0.0512255,0.0553384,0.0596913,0.0642895,0.0691375,0.074239,0.0795968,0.0852127,0.0910873,0.0972203,0.10361,0.110253,0.117146,0.124282,0.131654,0.139253,0.14707,0.155092,0.163305,0.171695,0.180244,0.188934,0.197745,0.206657,0.215645,0.224688,0.233759,0.242834,0.251887,0.260894,0.269831,0.278681,0.287431,0.296079,0.304641,0.31316,0.321723,0.330483,0.339697
0.58,0.324309,0.331242,0.337829,0.344043,0.34986,0.355255,0.360207,0.364694,0.368697,0.3722,0.375188,0.377647,0.379567,0.380939,0.381759,0.382021,0.381726,0.380874,0.379469,0.377518,0.375029,0.372013,0.368483,0.364454,0.359943,0.35497,0.349555,0.343721,0.337492,0.330892,0.32395,0.316691,0.309143,0.301337,0.293299,0.285061,0.276651,0.268098,0.259432,0.25068,0.241872,0.233034,0.224193,0.215374,0.206601,0.197897,0.189285,0.180785,0.172416,0.164196,0.156141,0.148265,0.140583,0.133106,0.125843,0.118805,0.111998,0.105428,0.0990991,0.0930158,0.0871795,0.0815913,0.0762509,0.0711569,0.0663073,0.061699,0.057328,0.0531897,0.0492789,0.0455898,0.042116,0.0388507,0.035787,0.0329173,0.0302342,0.0277297,0.0253961,0.0232254,0.0212097,0.0193411,0.0176118,0.016014,0.0145404,0.0131834,0.0119359,0.0107911,0.00974212,0.00878262,0.00790639,0.00710755,0.00638045,0.00571976,0.00512042,0.00457767,0.00408699,0.00364418,0.00324528,0.00288662,0.00256475,0.00227651,0.00201896,0.00178938,0.00158529,0.00140442,0.00124469,0.00110425,0.000981391,0.000874615,0.000782583,0.000704122,0.000638217,0.000584002,0.000540761,0.000507918,0.000485038,0.000471821,0.000468102,0.00047385,0.000489168,0.000514294,0.000549603,0.000595609,0.00065297,0.000722491,0.00080513,0.000902004,0.0010144,0.00114376,0.00129174,0.00146015,0.00165102,0.00186659,0.0021093,0.00238184,0.00268712,0.0030283,0.00340879,0.0038323,0.00430276,0.00482441,0.00540179,0.00603969,0.00674322,0.0075178,0.00836912,0.00930318,0.0103262,0.0114449,0.0126659,0.0139965,0.0154438,0.0170156,0.0187194,0.0205632,0.022555,0.024703,0.0270153,0.0295001,0.0321656,0.0350197,0.0380704,0.0413252,0.0447917,0.0484768,0.0523871,0.0565287,0.060907,0.065527,0.0703927,0.0755074,0.0808734,0.0864922,0.092364,0.0984881,0.104862,0.111484,0.118347,0.125446,0.132775,0.140323,0.14808,0.156034,0.164172,0.172479,0.180937,0.18953,0.198237,0.207038,0.215912,0.224837,0.23379,0.242751,0.2517,0.260623,0.26951,0.278365,0.28721,0.296093,0.305111,0.314427,0.324309
0.59,0.308218,0.31562,0.322733,0.329532,0.335989,0.342079,0.347778,0.353063,0.357912,0.362306,0.366225,0.369653,0.372577,0.374983,0.376861,0.378204,0.379005,0.379262,0.378972,0.378138,0.376763,0.374854,0.372417,0.369464,0.366008,0.362063,0.357646,0.352774,0.34747,0.341753,0.335647,0.329178,0.322369,0.315248,0.307841,0.300178,0.292285,0.284191,0.275925,0.267516,0.258991,0.250378,0.241704,0.232997,0.224282,0.215583,0.206925,0.198331,0.189821,0.181417,0.173136,0.164998,0.157017,0.149208,0.141585,0.13416,0.126942,0.119941,0.113165,0.106619,0.100308,0.0942361,0.0884056,0.0828175,0.077472,0.0723683,0.0675045,0.062878,0.0584851,0.0543217,0.0503828,0.0466631,0.0431566,0.0398568,0.036757,0.0338501,0.0311289,0.0285857,0.0262131,0.0240033,0.0219487,0.0200414,0.018274,0.0166389,0.0151287,0.0137361,0.0124541,0.0112758,0.0101947,0.00920438,0.00829862,0.00747161,0.00671773,0.00603166,0.00540833,0.00484296,0.00433104,0.00386832,0.00345083,0.00307484,0.0027369,0.00243378,0.00216249,0.0019203,0.00170467,0.00151328,0.00134402,0.00119498,0.00106443,0.000950826,0.000852794,0.000769131,0.000698792,0.000640888,0.000594682,0.00055958,0.000535135,0.000521037,0.000517118,0.000523347,0.000539831,0.000566818,0.000604695,0.000653994,0.000715394,0.000789727,0.000877979,0.000981299,0.00110101,0.0012386,0.00139575,0.00157434,0.00177642,0.00200429,0.00226044,0.00254759,0.0028687,0.00322699,0.00362592,0.00406919,0.00456081,0.00510504,0.00570642,0.00636978,0.00710023,0.00790318,0.0087843,0.00974957,0.0108052,0.0119578,0.0132139,0.0145808,0.0160655,0.0176755,0.0194183,0.0213018,0.0233337,0.025522,0.0278746,0.0303994,0.0331043,0.0359972,0.0390854,0.0423764,0.0458772,0.0495945,0.0535344,0.0577027,0.0621045,0.0667442,0.0716255,0.0767514,0.0821237,0.0877435,0.0936107,0.0997242,0.106082,0.112679,0.119512,0.126574,0.133858,0.141354,0.149051,0.156939,0.165002,0.173227,0.181598,0.190097,0.198705,0.207406,0.216178,0.225006,0.233874,0.242769,0.251688,0.260638,0.269647,0.278769,0.288106,0.29783,0.308218
0.6,0.291659,0.299411,0.306933,0.314197,0.321177,0.327845,0.334177,0.340147,0.345732,0.350911,0.355661,0.359964,0.363801,0.367158,0.37002,0.372375,0.374213,0.375527,0.376311,0.376562,0.376278,0.375461,0.374115,0.372245,0.369859,0.366968,0.363583,0.359719,0.355392,0.350619,0.34542,0.339817,0.333831,0.327487,0.320808,0.31382,0.306551,0.299026,0.291273,0.28332,0.275194,0.266924,0.258536,0.250058,0.241517,0.232937,0.224345,0.215765,0.20722,0.198733,0.190324,0.182014,0.173821,0.165764,0.157856,0.150114,0.142551,0.135178,0.128006,0.121044,0.114299,0.107778,0.101486,0.0954275,0.0896042,0.084018,0.0786693,0.0735576,0.0686815,0.0640386,0.0596257,0.055439,0.0514739,0.0477254,0.0441878,0.0408551,0.0377209,0.0347783,0.0320203,0.0294398,0.0270294,0.0247816,0.022689,0.0207441,0.0189394,0.0172676,0.0157215,0.0142939,0.0129778,0.0117666,0.0106536,0.00963262,0.00869752,0.00784246,0.00706186,0.00635041,0.00570305,0.005115,0.00458172,0.00409896,0.00366272,0.00326924,0.00291502,0.00259682,0.0023116,0.00205659,0.0018292,0.00162708,0.00144809,0.00129026,0.00115183,0.00103123,0.000927043,0.000838038,0.000763143,0.000701447,0.000652191,0.000614766,0.000588711,0.000573711,0.000569591,0.000576322,0.000594015,0.000622926,0.000663455,0.000716152,0.000781716,0.000861002,0.000955027,0.00106497,0.00119219,0.00133821,0.00150475,0.00169372,0.00190725,0.00214764,0.00241745,0.00271943,0.0030566,0.0034322,0.00384973,0.00431294,0.00482585,0.00539275,0.0060182,0.00670703,0.00746437,0.00829559,0.00920637,0.0102026,0.0112906,0.0124766,0.0137675,0.0151701,0.0166915,0.018339,0.0201201,0.0220423,0.0241132,0.0263407,0.0287323,0.0312959,0.0340389,0.0369689,0.0400931,0.0434185,0.0469519,0.0506995,0.0546672,0.0588603,0.0632836,0.0679411,0.0728361,0.0779712,0.083348,0.088967,0.0948279,0.100929,0.107268,0.113841,0.120643,0.127667,0.134905,0.142349,0.149987,0.157808,0.1658,0.173948,0.182236,0.19065,0.199175,0.207796,0.2165,0.225281,0.234138,0.243083,0.252148,0.261392,0.270923,0.280917,0.291659
0.61,0.274845,0.282838,0.290656,0.298272,0.305659,0.31279,0.319639,0.326181,0.332391,0.338246,0.343721,0.348796,0.353451,0.357666,0.361425,0.364713,0.367515,0.369821,0.37162,0.372906,0.373673,0.373918,0.37364,0.37284,0.371521,0.36969,0.367353,0.364521,0.361205,0.357419,0.353179,0.348502,0.343406,0.337912,0.332042,0.325819,0.319266,0.312408,0.305271,0.297881,0.290264,0.282448,0.274459,0.266324,0.25807,0.249724,0.24131,0.232856,0.224385,0.215921,0.207487,0.199105,0.190795,0.182579,0.174473,0.166495,0.158661,0.150986,0.143482,0.136162,0.129036,0.122113,0.115401,0.108906,0.102635,0.0965904,0.0907759,0.0851931,0.0798429,0.074725,0.0698383,0.0651808,0.0607497,0.0565414,0.0525519,0.0487763,0.0452094,0.0418454,0.0386782,0.0357013,0.032908,0.0302914,0.0278444,0.0255598,0.0234303,0.0214486,0.0196075,0.0178998,0.0163184,0.0148563,0.0135067,0.0122628,0.0111184,0.010067,0.00910278,0.00821981,0.00741258,0.00667579,0.0060044,0.00539361,0.0048389,0.00433599,0.00388086,0.00346973,0.00309907,0.0027656,0.00246626,0.00219823,0.00195889,0.00174586,0.00155694,0.00139014,0.00124366,0.0011159,0.00100541,0.000910927,0.00083136,0.000765772,0.000713386,0.000673577,0.000645872,0.000629948,0.000625628,0.000632881,0.000651824,0.000682721,0.000725984,0.000782179,0.000852025,0.000936402,0.00103635,0.00115308,0.00128799,0.00144263,0.00161876,0.00181833,0.0020435,0.00229663,0.0025803,0.00289733,0.00325074,0.00364382,0.00408011,0.00456339,0.0050977,0.00568734,0.00633689,0.0070512,0.00783535,0.00869474,0.009635,0.010662,0.0117819,0.0130012,0.0143262,0.015764,0.0173215,0.0190058,0.0208243,0.0227842,0.0248932,0.0271587,0.0295882,0.0321891,0.0349688,0.0379344,0.041093,0.0444512,0.0480154,0.0517916,0.0557853,0.0600014,0.0644443,0.0691177,0.0740247,0.0791672,0.0845466,0.0901632,0.0960163,0.102104,0.108423,0.114971,0.12174,0.128725,0.135919,0.143311,0.150892,0.158652,0.166577,0.174656,0.182877,0.191229,0.199702,0.208294,0.217008,0.225859,0.234883,0.244144,0.253753,0.263892,0.274845
0.62,0.257972,0.266103,0.274112,0.281972,0.289656,0.297139,0.304395,0.311397,0.318121,0.32454,0.330633,0.336374,0.341743,0.346718,0.35128,0.355411,0.359095,0.362315,0.36506,0.367318,0.369081,0.37034,0.37109,0.37133,0.371057,0.370273,0.368981,0.367186,0.364897,0.362122,0.358873,0.355163,0.351007,0.346422,0.341426,0.336038,0.33028,0.324174,0.317743,0.311011,0.304002,0.296743,0.289259,0.281575,0.273719,0.265716,0.257593,0.249375,0.241087,0.232755,0.224402,0.216051,0.207726,0.199448,0.191236,0.183112,0.175092,0.167193,0.159432,0.151823,0.144379,0.137112,0.130032,0.123149,0.116471,0.110004,0.103754,0.0977255,0.0919211,0.0863433,0.0809931,0.0758707,0.0709751,0.0663047,0.061857,0.057629,0.0536166,0.0498156,0.0462209,0.0428272,0.0396285,0.0366188,0.0337916,0.0311402,0.0286578,0.0263375,0.0241721,0.0221546,0.0202779,0.018535,0.016919,0.015423,0.0140403,0.0127643,0.0115887,0.0105073,0.0095141,0.00860339,0.00776964,0.00700758,0.00631217,0.00567863,0.00510243,0.00457928,0.00410514,0.00367623,0.00328898,0.00294008,0.00262645,0.00234522,0.00209375,0.00186962,0.00167059,0.00149465,0.00133997,0.00120489,0.00108796,0.000987876,0.000903528,0.000833954,0.000778361,0.00073611,0.000706717,0.00068985,0.000685329,0.000693125,0.000713358,0.000746299,0.000792374,0.000852164,0.000926407,0.001016,0.00112202,0.0012457,0.00138847,0.00155191,0.00173781,0.00194818,0.00218519,0.00245125,0.00274898,0.00308122,0.00345104,0.00386177,0.00431696,0.00482041,0.0053762,0.00598863,0.00666229,0.00740202,0.00821292,0.00910033,0.0100699,0.0111274,0.0122789,0.0135309,0.0148897,0.0163621,0.017955,0.0196753,0.0215303,0.0235271,0.0256731,0.0279755,0.0304416,0.0330786,0.0358936,0.0388935,0.0420849,0.0454743,0.0490676,0.0528707,0.0568885,0.0611258,0.0655866,0.0702742,0.0751913,0.0803396,0.0857201,0.0913327,0.0971766,0.10325,0.109549,0.116069,0.122807,0.129754,0.136904,0.144249,0.151779,0.159485,0.167359,0.175392,0.183578,0.191919,0.20042,0.2091,0.217999,0.227184,0.236769,0.246937,0.257972
0.63,0.241212,0.249389,0.257491,0.265495,0.273375,0.281105,0.28866,0.296014,0.303142,0.310019,0.31662,0.322921,0.3289,0.334532,0.339798,0.344677,0.349149,0.353199,0.356808,0.359964,0.362654,0.364866,0.366592,0.367825,0.36856,0.368794,0.368527,0.367758,0.366492,0.364733,0.36249,0.35977,0.356586,0.352949,0.348875,0.344379,0.339479,0.334194,0.328545,0.322552,0.316239,0.309629,0.302745,0.295613,0.288257,0.280703,0.272976,0.265101,0.257105,0.249012,0.240847,0.232634,0.224397,0.216158,0.20794,0.199763,0.191648,0.183614,0.175679,0.16786,0.160171,0.152628,0.145244,0.13803,0.130997,0.124155,0.117511,0.111072,0.104845,0.0988331,0.0930403,0.0874689,0.0821203,0.0769948,0.0720919,0.0674102,0.0629477,0.0587015,0.054668,0.0508432,0.0472223,0.0438003,0.0405717,0.0375305,0.0346707,0.0319858,0.0294692,0.0271142,0.0249139,0.0228615,0.0209501,0.0191728,0.0175229,0.0159936,0.0145783,0.0132706,0.0120642,0.0109531,0.0099312,0.00899293,0.0081328,0.00734554,0.00662616,0.00596987,0.00537214,0.00482869,0.00433547,0.00388865,0.00348468,0.00312021,0.00279212,0.00249754,0.00223377,0.00199837,0.00178908,0.00160384,0.0014408,0.00129827,0.00117476,0.00106896,0.000979725,0.000906078,0.000847206,0.000802458,0.00077134,0.000753512,0.000748792,0.00075715,0.000778711,0.000813754,0.000862716,0.000926192,0.00100494,0.00109988,0.00121211,0.00134289,0.00149367,0.00166607,0.00186194,0.00208327,0.00233231,0.00261147,0.00292343,0.00327105,0.00365743,0.00408594,0.00456013,0.00508385,0.00566117,0.00629642,0.00699418,0.00775927,0.00859679,0.00951206,0.0105106,0.0115984,0.0127812,0.0140654,0.0154575,0.0169639,0.0185915,0.0203471,0.0222378,0.0242706,0.0264525,0.0287907,0.0312922,0.033964,0.0368129,0.0398456,0.0430683,0.0464873,0.0501083,0.0539365,0.0579769,0.0622337,0.0667106,0.0714107,0.0763363,0.0814888,0.086869,0.0924764,0.0983101,0.104368,0.110646,0.117141,0.123848,0.130761,0.137874,0.14518,0.152673,0.160348,0.168203,0.176241,0.184471,0.192916,0.201618,0.210646,0.220116,0.230211,0.241212
0.64,0.224717,0.232855,0.240964,0.249021,0.257001,0.26488,0.272634,0.280238,0.287667,0.294895,0.3019,0.308655,0.315138,0.321324,0.327192,0.332719,0.337885,0.34267,0.347056,0.351026,0.354565,0.357658,0.360294,0.362462,0.364153,0.365361,0.366081,0.36631,0.366047,0.365294,0.364053,0.362329,0.36013,0.357464,0.354342,0.350776,0.34678,0.34237,0.337564,0.332379,0.326835,0.320952,0.314754,0.308262,0.301499,0.29449,0.287259,0.279831,0.272229,0.26448,0.256608,0.248638,0.240592,0.232496,0.224372,0.216243,0.208129,0.200053,0.192033,0.184088,0.176237,0.168495,0.160879,0.153402,0.146077,0.138916,0.131931,0.12513,0.118521,0.112112,0.105908,0.0999141,0.094134,0.0885704,0.0832247,0.0780976,0.0731889,0.0684976,0.0640218,0.059759,0.0557059,0.0518588,0.0482132,0.0447645,0.0415073,0.0384361,0.0355449,0.0328277,0.030278,0.0278895,0.0256553,0.0235689,0.0216237,0.0198128,0.0181296,0.0165676,0.0151203,0.0137814,0.0125446,0.011404,0.0103538,0.00938816,0.0085018,0.00768946,0.00694617,0.00626715,0.00564789,0.0050841,0.00457171,0.00410691,0.0036861,0.00330593,0.00296326,0.00265517,0.00237896,0.00213214,0.00191243,0.00171775,0.0015462,0.00139608,0.00126588,0.00115425,0.00106003,0.000982223,0.000920005,0.000872709,0.000839831,0.000821026,0.000816108,0.000825047,0.000847973,0.000885172,0.000937092,0.00100434,0.0010877,0.0011881,0.00130666,0.00144468,0.00160363,0.00178516,0.00199114,0.00222361,0.00248483,0.00277727,0.0031036,0.00346675,0.00386983,0.00431622,0.00480951,0.00535356,0.00595245,0.00661051,0.00733232,0.00812269,0.0089867,0.00992963,0.010957,0.0120746,0.0132884,0.0146044,0.0160292,0.017569,0.0192307,0.0210208,0.0229463,0.0250141,0.027231,0.0296039,0.0321396,0.034845,0.0377265,0.0407905,0.0440431,0.0474901,0.0511371,0.054989,0.0590503,0.063325,0.0678165,0.0725277,0.0774603,0.0826158,0.0879946,0.0935961,0.0994194,0.105462,0.111722,0.118194,0.124876,0.131764,0.138853,0.146142,0.153632,0.161326,0.169239,0.177396,0.185839,0.194642,0.203919,0.213852,0.224717
0.65,0.208615,0.216642,0.22468,0.232707,0.240702,0.248641,0.256501,0.264259,0.27189,0.279371,0.286677,0.293785,0.300669,0.307306,0.313674,0.319748,0.325509,0.330934,0.336003,0.340697,0.345,0.348893,0.352363,0.355396,0.35798,0.360105,0.361763,0.362946,0.363652,0.363876,0.363618,0.362879,0.361662,0.359972,0.357815,0.355201,0.352139,0.348642,0.344723,0.340397,0.33568,0.330591,0.325149,0.319374,0.313287,0.306909,0.300265,0.293375,0.286266,0.27896,0.271481,0.263854,0.256103,0.248251,0.240323,0.232341,0.224328,0.216306,0.208295,0.200317,0.192391,0.184534,0.176766,0.169101,0.161556,0.154145,0.146879,0.139773,0.132835,0.126075,0.119502,0.113123,0.106943,0.100969,0.0952027,0.089648,0.0843066,0.0791794,0.0742664,0.0695669,0.0650793,0.0608014,0.0567302,0.0528623,0.0491935,0.0457195,0.0424351,0.0393352,0.036414,0.0336656,0.0310841,0.028663,0.026396,0.0242766,0.0222983,0.0204545,0.0187388,0.0171448,0.015666,0.0142963,0.0130296,0.0118599,0.0107815,0.00978882,0.0088764,0.00803912,0.00727199,0.0065703,0.00592951,0.00534535,0.00481376,0.00433089,0.00389316,0.00349718,0.0031398,0.00281808,0.00252929,0.00227091,0.00204065,0.00183639,0.0016562,0.00149837,0.00136136,0.0012438,0.0011445,0.00106246,0.000996838,0.000946946,0.000912276,0.000892479,0.000887364,0.000896903,0.000921229,0.000960636,0.00101558,0.00108669,0.00117475,0.00128072,0.00140575,0.00155114,0.00171839,0.0019092,0.00212544,0.00236919,0.00264275,0.0029486,0.00328946,0.00366825,0.00408814,0.0045525,0.00506497,0.00562939,0.00624985,0.0069307,0.00767649,0.00849204,0.00938237,0.0103528,0.0114087,0.0125558,0.0138001,0.0151475,0.0166044,0.0181771,0.019872,0.0216959,0.0236554,0.0257572,0.0280081,0.0304146,0.0329834,0.0357211,0.0386338,0.0417278,0.0450089,0.0484826,0.0521541,0.0560281,0.0601088,0.0644,0.0689048,0.0736256,0.0785644,0.0837221,0.0890992,0.0946954,0.10051,0.106541,0.112787,0.119246,0.125917,0.1328,0.139899,0.14722,0.15478,0.162606,0.170741,0.179261,0.188279,0.197974,0.208615
0.66,0.193014,0.200867,0.208766,0.216692,0.224625,0.232543,0.240425,0.24825,0.255993,0.263632,0.271145,0.278506,0.285693,0.292681,0.299448,0.305971,0.312227,0.318194,0.32385,0.329176,0.334151,0.338758,0.342979,0.346799,0.350202,0.353176,0.35571,0.357793,0.359418,0.360579,0.36127,0.361489,0.361236,0.360511,0.359317,0.35766,0.355545,0.352981,0.349977,0.346546,0.342701,0.338456,0.333827,0.328832,0.323489,0.317817,0.311838,0.305572,0.299041,0.292269,0.285277,0.27809,0.270731,0.263223,0.255589,0.247854,0.24004,0.23217,0.224266,0.216348,0.208439,0.200558,0.192723,0.184954,0.177267,0.169679,0.162205,0.154858,0.147653,0.140599,0.133709,0.126991,0.120455,0.114106,0.107952,0.101998,0.0962467,0.0907022,0.0853664,0.0802403,0.0753244,0.0706181,0.0661202,0.0618286,0.0577408,0.0538535,0.050163,0.046665,0.0433549,0.0402275,0.0372775,0.0344993,0.0318869,0.0294344,0.0271355,0.024984,0.0229735,0.0210977,0.0193501,0.0177247,0.016215,0.014815,0.0135188,0.0123204,0.0112142,0.0101946,0.00925637,0.00839428,0.00760344,0.00687913,0.00621685,0.00561232,0.00506149,0.00456051,0.00410578,0.0036939,0.00332171,0.00298624,0.00268475,0.0024147,0.00217375,0.00195978,0.00177085,0.0016052,0.00146126,0.00133767,0.00123322,0.00114687,0.00107778,0.00102525,0.000988756,0.000967952,0.000962642,0.000972799,0.000998559,0.00104022,0.00109826,0.0011733,0.00126616,0.0013778,0.0015094,0.00166228,0.00183798,0.00203819,0.00226483,0.00252001,0.00280604,0.00312543,0.00348093,0.00387548,0.00431226,0.00479468,0.00532636,0.00591117,0.00655321,0.00725679,0.00802648,0.00886707,0.00978355,0.0107812,0.0118653,0.0130417,0.014316,0.0156943,0.0171828,0.0187876,0.0205153,0.0223721,0.0243648,0.0264997,0.0287834,0.0312225,0.0338233,0.036592,0.0395348,0.0426574,0.0459656,0.0494646,0.0531592,0.0570539,0.0611528,0.0654593,0.0699763,0.0747062,0.0796508,0.0848112,0.0901881,0.0957819,0.101593,0.10762,0.113866,0.120332,0.127024,0.133952,0.141132,0.148593,0.156383,0.164573,0.173279,0.182671,0.193014
0.67,0.178,0.185627,0.193329,0.201092,0.208896,0.216722,0.224552,0.232363,0.240136,0.247848,0.255477,0.263001,0.270397,0.277642,0.284712,0.291586,0.298239,0.304651,0.310798,0.316659,0.322215,0.327444,0.332329,0.336851,0.340993,0.344741,0.34808,0.350997,0.353482,0.355525,0.357119,0.358257,0.358934,0.359149,0.3589,0.358189,0.357018,0.355392,0.353317,0.350801,0.347855,0.344488,0.340714,0.336548,0.332004,0.327099,0.321852,0.316281,0.310407,0.304249,0.297829,0.29117,0.284294,0.277222,0.269979,0.262587,0.255069,0.247448,0.239745,0.231984,0.224186,0.216372,0.208562,0.200775,0.193031,0.185348,0.177742,0.17023,0.162826,0.155544,0.148397,0.141397,0.134555,0.12788,0.12138,0.115063,0.108935,0.103002,0.0972667,0.0917335,0.0864044,0.0812808,0.0763632,0.0716515,0.0671446,0.0628408,0.0587378,0.0548325,0.0511216,0.047601,0.0442664,0.0411128,0.0381353,0.0353283,0.0326863,0.0302034,0.0278736,0.0256909,0.023649,0.0217419,0.0199632,0.018307,0.016767,0.0153373,0.0140119,0.0127852,0.0116515,0.0106053,0.00964145,0.00875473,0.0079403,0.00719347,0.00650974,0.00588487,0.00531478,0.00479565,0.00432387,0.00389602,0.00350893,0.00315961,0.00284531,0.00256348,0.00231174,0.00208795,0.00189016,0.00171658,0.00156563,0.00143592,0.00132623,0.00123551,0.00116289,0.00110768,0.00106934,0.00104752,0.00104202,0.00105281,0.00108004,0.00112401,0.00118519,0.00126424,0.00136198,0.0014794,0.00161767,0.00177816,0.00196241,0.00217215,0.00240932,0.00267605,0.00297466,0.00330771,0.00367795,0.00408835,0.0045421,0.00504262,0.00559355,0.00619876,0.00686233,0.00758859,0.00838207,0.00924753,0.01019,0.0112145,0.0123266,0.0135318,0.0148358,0.0162445,0.017764,0.0194004,0.02116,0.023049,0.0250739,0.0272411,0.0295567,0.0320273,0.0346588,0.0374575,0.0404291,0.0435792,0.0469132,0.0504362,0.0541527,0.0580671,0.0621832,0.0665043,0.0710333,0.0757727,0.0807246,0.0858905,0.0912724,0.0968721,0.102692,0.108737,0.115014,0.121534,0.128316,0.135391,0.142804,0.15063,0.158978,0.168018,0.178
0.68,0.163644,0.170999,0.178457,0.186004,0.193622,0.201295,0.209005,0.216734,0.224462,0.232169,0.239834,0.247437,0.254955,0.262366,0.269648,0.27678,0.283737,0.290498,0.297041,0.303344,0.309386,0.315145,0.320603,0.325739,0.330535,0.334975,0.339041,0.342719,0.345996,0.348858,0.351296,0.3533,0.354863,0.355979,0.356643,0.356853,0.356609,0.355911,0.354762,0.353167,0.351131,0.348662,0.34577,0.342466,0.338762,0.334671,0.33021,0.325393,0.320239,0.314766,0.308993,0.30294,0.296629,0.29008,0.283315,0.276356,0.269227,0.261948,0.254542,0.247031,0.239438,0.231784,0.22409,0.216377,0.208664,0.200971,0.193317,0.185718,0.178192,0.170754,0.163419,0.156202,0.149114,0.142168,0.135374,0.128741,0.122279,0.115994,0.109893,0.103981,0.098263,0.0927421,0.0874209,0.082301,0.0773831,0.0726672,0.0681527,0.063838,0.059721,0.0557992,0.0520692,0.0485273,0.0451694,0.0419909,0.038987,0.0361525,0.0334819,0.0309696,0.0286099,0.0263969,0.0243245,0.0223868,0.0205778,0.0188914,0.0173216,0.0158627,0.0145087,0.013254,0.0120932,0.0110207,0.0100314,0.00912025,0.00828238,0.00751312,0.00680802,0.00616283,0.00557351,0.00503622,0.00454734,0.00410346,0.0037014,0.00333816,0.00301096,0.00271724,0.00245461,0.00222091,0.00201415,0.00183255,0.00167451,0.0015386,0.0014236,0.00132844,0.00125225,0.00119432,0.00115411,0.00113126,0.00112557,0.00113701,0.00116573,0.00121205,0.00127644,0.00135957,0.00146227,0.00158554,0.00173059,0.00189879,0.00209171,0.00231109,0.0025589,0.00283728,0.00314859,0.00349539,0.00388046,0.00430678,0.00477756,0.00529622,0.00586641,0.00649198,0.00717704,0.00792588,0.00874302,0.0096332,0.0106014,0.0116526,0.0127923,0.0140259,0.0153591,0.0167978,0.0183477,0.020015,0.0218058,0.0237263,0.0257826,0.027981,0.0303277,0.0328287,0.03549,0.0383174,0.0413166,0.0444931,0.0478518,0.0513978,0.0551354,0.0590689,0.0632021,0.0675383,0.0720807,0.0768325,0.0817965,0.0869761,0.0923757,0.0980009,0.10386,0.109967,0.116341,0.123013,0.13003,0.137464,0.145424,0.15407,0.163644
0.69,0.149994,0.157044,0.164219,0.171505,0.17889,0.186357,0.193891,0.201476,0.209095,0.216728,0.224356,0.231961,0.239521,0.247017,0.254426,0.261727,0.268899,0.275919,0.282766,0.289418,0.295854,0.302051,0.307991,0.313651,0.319013,0.324059,0.32877,0.333129,0.337121,0.340732,0.343948,0.346757,0.34915,0.351116,0.35265,0.353744,0.354396,0.354602,0.354362,0.353676,0.352549,0.350983,0.348984,0.346561,0.343723,0.340479,0.336842,0.332825,0.328443,0.323712,0.318649,0.31327,0.307596,0.301646,0.295439,0.288998,0.282342,0.275493,0.268474,0.261305,0.254009,0.246607,0.239121,0.231571,0.223979,0.216365,0.208748,0.201146,0.193579,0.186064,0.178617,0.171253,0.163987,0.156834,0.149804,0.142912,0.136166,0.129576,0.123151,0.116899,0.110825,0.104936,0.0992361,0.0937286,0.0884163,0.0833011,0.0783841,0.0736653,0.0691444,0.0648201,0.0606905,0.0567534,0.0530056,0.0494437,0.0460638,0.0428616,0.0398325,0.0369715,0.0342734,0.0317328,0.0293441,0.0271016,0.0249996,0.0230322,0.0211934,0.0194775,0.0178786,0.0163909,0.0150088,0.0137266,0.0125389,0.0114405,0.010426,0.00949063,0.00862947,0.00783791,0.00711153,0.00644608,0.00583755,0.00528209,0.00477609,0.00431615,0.00389906,0.00352183,0.00318166,0.00287597,0.00260236,0.00235866,0.00214285,0.00195315,0.00178792,0.00164574,0.00152536,0.00142572,0.00134591,0.00128522,0.00124312,0.00121923,0.00121335,0.00122547,0.00125571,0.00130442,0.00137207,0.00145933,0.00156707,0.00169628,0.0018482,0.0020242,0.00222588,0.00245501,0.00271356,0.00300369,0.00332779,0.00368842,0.00408839,0.00453069,0.00501853,0.00555534,0.00614477,0.00679069,0.00749716,0.00826847,0.00910913,0.0100238,0.0110175,0.0120951,0.0132621,0.0145238,0.0158857,0.0173537,0.0189335,0.0206311,0.0224524,0.0244035,0.0264905,0.0287193,0.031096,0.0336264,0.0363165,0.0391717,0.0421977,0.0453995,0.0487823,0.0523508,0.0561094,0.0600625,0.064214,0.0685681,0.0731288,0.0779007,0.0828892,0.0881014,0.093547,0.0992403,0.105202,0.111464,0.118072,0.125097,0.132643,0.140866,0.149994
0.7,0.137086,0.143805,0.150666,0.157658,0.164769,0.171987,0.179298,0.186687,0.194139,0.201638,0.209166,0.216704,0.224236,0.23174,0.239198,0.246589,0.253891,0.261085,0.268149,0.275061,0.281801,0.288347,0.294677,0.300773,0.306612,0.312176,0.317446,0.322404,0.327032,0.331313,0.335234,0.338779,0.341937,0.344694,0.347042,0.348972,0.350477,0.351551,0.35219,0.352392,0.352156,0.351483,0.350376,0.348839,0.346877,0.344498,0.341711,0.338526,0.334954,0.331009,0.326705,0.322057,0.317081,0.311795,0.306217,0.300366,0.294261,0.287924,0.281374,0.274632,0.26772,0.260659,0.25347,0.246174,0.238792,0.231345,0.223853,0.216336,0.208813,0.201302,0.193821,0.186388,0.179018,0.171727,0.16453,0.15744,0.150469,0.143629,0.136932,0.130385,0.123998,0.117779,0.111734,0.105868,0.100187,0.0946933,0.089391,0.0842817,0.0793665,0.074646,0.0701199,0.0657872,0.0616463,0.0576951,0.0539307,0.05035,0.0469494,0.0437246,0.0406714,0.0377851,0.0350605,0.0324926,0.0300759,0.0278049,0.0256741,0.0236776,0.0218099,0.0200651,0.0184376,0.0169218,0.0155119,0.0142026,0.0129885,0.0118644,0.0108251,0.00986565,0.00898138,0.00816767,0.0074201,0.00673447,0.00610676,0.00553316,0.00501004,0.00453401,0.00410186,0.00371058,0.00335737,0.00303964,0.00275498,0.0025012,0.00227627,0.00207838,0.0019059,0.00175739,0.00163157,0.00152739,0.00144392,0.00138045,0.00133644,0.0013115,0.00130544,0.00131823,0.00135003,0.00140116,0.00147212,0.00156359,0.00167642,0.00181165,0.00197051,0.00215441,0.00236494,0.0026039,0.00287327,0.00317524,0.0035122,0.00388674,0.00430166,0.00475997,0.0052649,0.00581986,0.00642852,0.00709471,0.00782251,0.00861617,0.00948018,0.0104192,0.0114381,0.0125418,0.0137357,0.015025,0.0164153,0.0179121,0.0195212,0.0212484,0.0230995,0.0250805,0.0271973,0.0294557,0.0318615,0.0344206,0.0371385,0.0400208,0.0430728,0.0462997,0.0497065,0.053298,0.057079,0.0610544,0.065229,0.0696085,0.0741992,0.0790092,0.0840492,0.0893343,0.0948859,0.100735,0.106929,0.113534,0.120652,0.12843,0.137086
0.71,0.124941,0.13131,0.137834,0.144505,0.151313,0.158246,0.165295,0.172445,0.179683,0.186996,0.194367,0.20178,0.209219,0.216665,0.224101,0.231507,0.238864,0.246153,0.253351,0.26044,0.267399,0.274206,0.280841,0.287283,0.293512,0.299508,0.30525,0.310721,0.315901,0.320773,0.32532,0.329527,0.333377,0.336859,0.33996,0.342667,0.344973,0.346867,0.348344,0.349398,0.350025,0.350223,0.349991,0.34933,0.348243,0.346734,0.344807,0.342472,0.339734,0.336606,0.333098,0.329222,0.324993,0.320425,0.315535,0.310338,0.304854,0.299099,0.293094,0.286859,0.280412,0.273775,0.266968,0.260011,0.252927,0.245734,0.238455,0.231108,0.223714,0.216292,0.20886,0.201438,0.194042,0.18669,0.179397,0.172178,0.165049,0.158021,0.151109,0.144322,0.137673,0.131169,0.124821,0.118635,0.112618,0.106777,0.101115,0.0956367,0.0903452,0.0852427,0.0803306,0.0756095,0.0710794,0.0667395,0.0625885,0.0586243,0.0548446,0.0512463,0.047826,0.0445799,0.0415037,0.0385931,0.0358431,0.0332488,0.030805,0.0285064,0.0263475,0.0243229,0.0224269,0.0206539,0.0189984,0.0174549,0.0160178,0.0146819,0.0134417,0.0122922,0.0112283,0.0102451,0.00933792,0.0085022,0.00773358,0.00702785,0.00638103,0.00578931,0.00524909,0.00475696,0.00430972,0.00390435,0.00353806,0.00320823,0.00291246,0.00264852,0.0024144,0.00220827,0.00202847,0.00187356,0.00174227,0.00163349,0.00154633,0.00148006,0.00143411,0.00140812,0.00140188,0.00141537,0.00144875,0.00150234,0.00157665,0.00167237,0.00179036,0.00193168,0.00209756,0.00228942,0.00250888,0.00275775,0.00303802,0.0033519,0.00370178,0.00409028,0.0045202,0.00499455,0.00551656,0.00608966,0.00671749,0.00740389,0.0081529,0.00896878,0.00985596,0.0108191,0.0118629,0.0129925,0.0142129,0.0155294,0.0169475,0.0184726,0.0201104,0.0218666,0.0237469,0.0257571,0.0279029,0.0301901,0.0326245,0.0352115,0.0379568,0.0408658,0.0439439,0.0471964,0.0506286,0.0542458,0.0580537,0.0620585,0.0662675,0.0706894,0.0753358,0.0802221,0.08537,0.0908108,0.0965895,0.102772,0.109453,0.116775,0.124941
0.72,0.113567,0.119574,0.125746,0.132077,0.138558,0.14518,0.151935,0.158811,0.165797,0.17288,0.180047,0.187283,0.194574,0.201904,0.209255,0.216611,0.223953,0.231263,0.238522,0.24571,0.252807,0.259793,0.266649,0.273354,0.279887,0.286228,0.292357,0.298256,0.303904,0.309284,0.314377,0.319166,0.323635,0.327768,0.331551,0.334972,0.338017,0.340676,0.34294,0.3448,0.34625,0.347284,0.3479,0.348094,0.347866,0.347217,0.346149,0.344666,0.342775,0.34048,0.337792,0.334719,0.331272,0.327464,0.323308,0.318818,0.31401,0.308901,0.303507,0.297847,0.291939,0.285802,0.279456,0.27292,0.266215,0.259362,0.252379,0.245288,0.238108,0.230859,0.223561,0.216232,0.208891,0.201556,0.194244,0.186971,0.179754,0.172607,0.165544,0.158579,0.151724,0.144991,0.138389,0.131929,0.125619,0.119467,0.11348,0.107663,0.102021,0.0965591,0.0912794,0.0861847,0.0812767,0.076556,0.072023,0.067677,0.0635169,0.0595411,0.0557472,0.0521324,0.0486936,0.0454272,0.0423292,0.0393952,0.0366208,0.0340011,0.0315312,0.0292058,0.0270198,0.0249677,0.0230441,0.0212436,0.0195607,0.0179901,0.0165263,0.0151641,0.0138982,0.0127237,0.0116355,0.0106288,0.00969889,0.00884134,0.00805179,0.00732607,0.00666022,0.00605043,0.00549313,0.00498491,0.00452257,0.00410309,0.00372368,0.00338171,0.00307477,0.00280063,0.00255727,0.00234283,0.00215566,0.00199431,0.00185748,0.00174408,0.00165319,0.00158408,0.00153619,0.00150913,0.00150272,0.00151693,0.0015519,0.00160799,0.00168569,0.00178571,0.00190892,0.00205638,0.00222935,0.00242925,0.00265771,0.00291655,0.00320779,0.00353363,0.00389649,0.00429898,0.00474391,0.00523431,0.0057734,0.0063646,0.00701155,0.00771806,0.00848818,0.00932611,0.0102363,0.0112232,0.0122918,0.0134468,0.0146934,0.0160367,0.0174821,0.0190351,0.020701,0.0224856,0.0243945,0.0264332,0.0286075,0.030923,0.0333854,0.0360001,0.0387729,0.0417093,0.0448149,0.0480956,0.0515575,0.0552073,0.0590527,0.0631032,0.0673707,0.0718711,0.0766259,0.081666,0.0870349,0.0927957,0.0990397,0.105899,0.113567
0.73,0.102962,0.108601,0.114413,0.12039,0.126528,0.13282,0.139258,0.145832,0.152534,0.159353,0.166276,0.173293,0.180389,0.187551,0.194763,0.20201,0.209275,0.216542,0.223792,0.231008,0.23817,0.24526,0.252258,0.259145,0.2659,0.272504,0.278938,0.285181,0.291214,0.297018,0.302574,0.307865,0.312873,0.317582,0.321974,0.326037,0.329754,0.333115,0.336106,0.338718,0.340942,0.342769,0.344192,0.345208,0.345812,0.346003,0.345779,0.345141,0.344092,0.342636,0.340777,0.338523,0.335882,0.332862,0.329475,0.325733,0.321648,0.317234,0.312507,0.307482,0.302177,0.296608,0.290794,0.284753,0.278505,0.272069,0.265464,0.25871,0.251827,0.244835,0.237753,0.2306,0.223396,0.216159,0.208906,0.201657,0.194427,0.187233,0.18009,0.173014,0.166017,0.159114,0.152316,0.145636,0.139082,0.132666,0.126395,0.120277,0.114319,0.108527,0.102907,0.0974609,0.0921939,0.0871079,0.0822048,0.0774857,0.0729507,0.0685998,0.0644318,0.0604453,0.0566383,0.0530083,0.0495521,0.0462665,0.0431476,0.0401914,0.0373936,0.0347494,0.0322542,0.0299029,0.0276905,0.0256117,0.0236612,0.0218338,0.0201242,0.018527,0.017037,0.015649,0.0143579,0.0131586,0.0120464,0.0110165,0.0100641,0.00918491,0.00837458,0.00762899,0.00694419,0.00631641,0.00574207,0.00521777,0.00474033,0.00430674,0.00391418,0.00356004,0.0032419,0.00295751,0.00270485,0.00248206,0.00228748,0.00211964,0.00197724,0.00185918,0.00176453,0.00169257,0.00164272,0.0016146,0.00160802,0.00162295,0.00165954,0.00171815,0.00179929,0.00190365,0.00203213,0.00218579,0.0023659,0.00257389,0.00281141,0.00308028,0.00338253,0.00372039,0.00409626,0.00451277,0.00497273,0.00547917,0.00603531,0.00664456,0.00731054,0.00803707,0.00882815,0.00968796,0.0106209,0.0116315,0.0127244,0.0139045,0.0151769,0.0165466,0.018019,0.0195992,0.0212929,0.0231054,0.0250422,0.0271091,0.0293116,0.0316553,0.0341458,0.036789,0.0395907,0.042557,0.0456943,0.0490097,0.0525113,0.056209,0.0601147,0.0642446,0.06862,0.0732709,0.0782393,0.0835855,0.0893958,0.0957948,0.102962
0.74,0.0931155,0.0983864,0.103833,0.109451,0.115236,0.121184,0.127287,0.13354,0.139934,0.146461,0.15311,0.159872,0.166734,0.173685,0.180711,0.187799,0.194933,0.202099,0.20928,0.216459,0.223619,0.230743,0.23781,0.244804,0.251705,0.258494,0.265152,0.271658,0.277995,0.284142,0.290081,0.295793,0.30126,0.306465,0.31139,0.31602,0.320339,0.324332,0.327986,0.331289,0.334228,0.336794,0.338979,0.340773,0.342172,0.343169,0.343762,0.343949,0.343729,0.343102,0.342071,0.34064,0.338814,0.3366,0.334004,0.331036,0.327707,0.324029,0.320012,0.315673,0.311024,0.306082,0.300862,0.295382,0.28966,0.283713,0.277561,0.271221,0.264714,0.258057,0.251272,0.244376,0.23739,0.230331,0.223219,0.216071,0.208906,0.201741,0.194592,0.187475,0.180406,0.173399,0.166468,0.159627,0.152886,0.146258,0.139752,0.133379,0.127147,0.121064,0.115136,0.10937,0.103771,0.0983426,0.093089,0.0880126,0.0831154,0.0783987,0.0738629,0.069508,0.0653332,0.0613372,0.0575181,0.0538738,0.0504013,0.0470975,0.0439588,0.0409814,0.0381611,0.0354935,0.0329739,0.0305975,0.0283595,0.0262547,0.0242781,0.0224245,0.0206886,0.0190654,0.0175497,0.0161363,0.0148204,0.0135968,0.0124609,0.011408,0.0104334,0.00953273,0.0087018,0.00793647,0.00723282,0.00658712,0.00599579,0.00545547,0.00496295,0.00451523,0.00410952,0.00374319,0.00341381,0.00311914,0.00285715,0.00262597,0.00242394,0.00224957,0.00210156,0.00197882,0.0018804,0.00180556,0.00175374,0.00172455,0.00171781,0.00173347,0.00177171,0.00183287,0.00191746,0.00202621,0.00216,0.00231991,0.00250721,0.00272334,0.00296997,0.00324892,0.00356223,0.00391212,0.00430103,0.00473157,0.00520656,0.00572902,0.00630217,0.0069294,0.00761434,0.00836076,0.00917265,0.0100542,0.0110096,0.0120436,0.0131606,0.0143656,0.0156634,0.0170591,0.0185579,0.0201651,0.021886,0.0237261,0.0256908,0.0277858,0.0300167,0.0323892,0.0349094,0.0375835,0.0404181,0.0434204,0.0465989,0.0499634,0.0535261,0.0573029,0.061315,0.0655911,0.0701717,0.0751139,0.0804991,0.0864438,0.0931155
0.75,0.0840085,0.0889147,0.0939974,0.0992543,0.104683,0.110279,0.116038,0.121955,0.128024,0.134238,0.140589,0.147067,0.153664,0.160369,0.16717,0.174056,0.181014,0.188028,0.195086,0.202172,0.20927,0.216363,0.223435,0.230468,0.237443,0.244343,0.251149,0.257843,0.264405,0.270816,0.277057,0.283111,0.288958,0.294581,0.299961,0.305082,0.309927,0.314481,0.318728,0.322654,0.326246,0.329492,0.332381,0.334903,0.337049,0.338812,0.340186,0.341166,0.341748,0.341931,0.341715,0.341099,0.340086,0.33868,0.336885,0.334708,0.332157,0.32924,0.325968,0.322351,0.318402,0.314134,0.309561,0.304699,0.299563,0.29417,0.288537,0.282682,0.276622,0.270377,0.263965,0.257404,0.250714,0.243913,0.237019,0.230053,0.223031,0.215972,0.208892,0.201809,0.19474,0.187699,0.180703,0.173765,0.166899,0.160118,0.153434,0.146858,0.1404,0.13407,0.127878,0.121829,0.115932,0.110192,0.104615,0.0992046,0.0939651,0.0888991,0.0840087,0.0792953,0.0747596,0.0704017,0.066221,0.0622165,0.0583866,0.054729,0.0512412,0.0479203,0.0447628,0.0417651,0.0389233,0.036233,0.0336899,0.0312893,0.0290265,0.0268965,0.0248944,0.0230152,0.0212538,0.0196051,0.0180642,0.0166259,0.0152855,0.014038,0.0128788,0.0118031,0.0108065,0.00988464,0.00903328,0.00824835,0.00752599,0.00686245,0.00625421,0.00569789,0.00519033,0.00472851,0.00430964,0.00393111,0.00359048,0.00328551,0.00301416,0.00277456,0.00256504,0.00238411,0.00223048,0.00210302,0.0020008,0.00192308,0.00186928,0.00183903,0.00183212,0.00184853,0.00188843,0.00195216,0.00204025,0.00215342,0.00229256,0.00245875,0.00265328,0.0028776,0.00313337,0.00342244,0.00374683,0.00410879,0.00451075,0.00495532,0.00544532,0.00598377,0.00657386,0.00721901,0.00792279,0.00868898,0.00952152,0.0104245,0.0114023,0.0124594,0.0136003,0.0148297,0.0161527,0.0175741,0.0190991,0.020733,0.0224811,0.0243487,0.0263416,0.0284654,0.0307261,0.0331299,0.0356835,0.0383943,0.0412707,0.0443225,0.0475621,0.0510048,0.0546712,0.0585892,0.0627973,0.0673492,0.0723215,0.0778228,0.0840085
0.76,0.075617,0.0801658,0.08489,0.0897888,0.0948605,0.100103,0.105513,0.111086,0.116819,0.122706,0.12874,0.134914,0.141221,0.147652,0.154197,0.160845,0.167587,0.174408,0.181297,0.18824,0.195223,0.20223,0.209246,0.216255,0.22324,0.230184,0.237069,0.243877,0.250591,0.257191,0.263659,0.269977,0.276126,0.282089,0.287847,0.293382,0.298678,0.303717,0.308484,0.312963,0.31714,0.321001,0.324533,0.327724,0.330564,0.333043,0.335152,0.336884,0.338234,0.339197,0.339769,0.339949,0.339736,0.33913,0.338135,0.336752,0.334988,0.332849,0.330341,0.327473,0.324255,0.320698,0.316814,0.312616,0.308118,0.303334,0.298279,0.292971,0.287425,0.281659,0.27569,0.269537,0.263217,0.25675,0.250152,0.243444,0.236642,0.229766,0.222832,0.215859,0.208864,0.201863,0.194871,0.187906,0.180981,0.174111,0.167309,0.160588,0.15396,0.147436,0.141026,0.13474,0.128586,0.122573,0.116706,0.110993,0.105439,0.100047,0.0948225,0.0897676,0.0848848,0.0801756,0.075641,0.0712811,0.0670956,0.0630836,0.0592436,0.0555738,0.0520717,0.0487346,0.0455593,0.0425423,0.0396799,0.0369679,0.0344022,0.0319782,0.0296913,0.0275369,0.02551,0.0236058,0.0218194,0.0201458,0.0185802,0.0171175,0.0157531,0.014482,0.0132998,0.0122017,0.0111834,0.0102405,0.00936886,0.0085645,0.00782354,0.00714229,0.00651721,0.00594497,0.00542239,0.0049465,0.0045145,0.00412376,0.00377187,0.00345659,0.00317586,0.00292782,0.00271079,0.00252329,0.002364,0.00223181,0.00212578,0.00204516,0.00198938,0.00195806,0.00195099,0.00196817,0.00200974,0.00207606,0.00216767,0.00228528,0.0024298,0.00260232,0.00280411,0.00303665,0.0033016,0.00360081,0.00393631,0.00431035,0.00472535,0.00518393,0.00568891,0.0062433,0.00685029,0.00751326,0.00823577,0.00902159,0.00987463,0.010799,0.0117989,0.0128788,0.0140433,0.015297,0.0166449,0.0180919,0.0196431,0.0213037,0.0230793,0.0249753,0.0269977,0.0291526,0.0314467,0.0338873,0.0364827,0.0392427,0.0421794,0.0453078,0.0486477,0.0522258,0.0560784,0.0602564,0.064831,0.0699033,0.075617
0.77,0.0679117,0.0721136,0.0764881,0.0810353,0.0857547,0.0906453,0.0957054,0.100932,0.106323,0.111874,0.11758,0.123435,0.129434,0.135569,0.141833,0.148216,0.154709,0.161302,0.167983,0.174741,0.181563,0.188435,0.195343,0.202273,0.209209,0.216135,0.223035,0.229892,0.236688,0.243406,0.250029,0.256538,0.262915,0.269142,0.275201,0.281075,0.286746,0.292196,0.297409,0.302369,0.30706,0.311467,0.315576,0.319373,0.322846,0.325984,0.328776,0.331213,0.333286,0.334989,0.336316,0.337262,0.337824,0.338001,0.337791,0.337195,0.336217,0.334858,0.333123,0.33102,0.328553,0.325734,0.322569,0.319071,0.31525,0.31112,0.306694,0.301986,0.297011,0.291785,0.286324,0.280644,0.274764,0.268701,0.262472,0.256095,0.249589,0.242971,0.236259,0.229471,0.222624,0.215736,0.208823,0.201901,0.194987,0.188096,0.181242,0.174439,0.1677,0.161039,0.154466,0.147994,0.141632,0.135389,0.129274,0.123296,0.117461,0.111775,0.106243,0.100871,0.0956616,0.0906186,0.0857442,0.08104,0.0765073,0.0721462,0.0679568,0.0639383,0.0600893,0.0564082,0.0528928,0.0495405,0.0463483,0.043313,0.0404308,0.037698,0.0351104,0.0326638,0.0303537,0.0281755,0.0261246,0.0241961,0.0223853,0.0206874,0.0190975,0.0176109,0.0162228,0.0149286,0.0137237,0.0126035,0.0115637,0.0106,0.0097084,0.00888478,0.00812537,0.00742651,0.00678469,0.00619659,0.00565907,0.00516914,0.00472402,0.0043211,0.00395795,0.00363235,0.00334223,0.00308574,0.00286119,0.00266709,0.00250214,0.0023652,0.00225535,0.00217182,0.00211406,0.00208167,0.00207445,0.00209239,0.00213565,0.00220459,0.00229974,0.00242182,0.00257175,0.00275061,0.0029597,0.00320049,0.00347463,0.00378399,0.00413061,0.00451672,0.00494476,0.00541734,0.00593726,0.00650753,0.00713134,0.00781203,0.00855318,0.00935849,0.0102319,0.0111774,0.0121993,0.0133019,0.0144898,0.0157678,0.0171406,0.0186132,0.0201909,0.0218792,0.0236836,0.0256101,0.0276655,0.0298567,0.032192,0.034681,0.0373353,0.0401695,0.0432027,0.0464601,0.049976,0.0537979,0.0579924,0.0626529,0.0679117
0.78,0.0608603,0.0647281,0.0687641,0.0729693,0.0773443,0.081889,0.0866028,0.0914845,0.0965322,0.101743,0.107114,0.112642,0.11832,0.124144,0.130108,0.136203,0.142424,0.148759,0.155201,0.161738,0.16836,0.175055,0.181811,0.188613,0.195448,0.202302,0.209159,0.216004,0.22282,0.229592,0.236301,0.242931,0.249465,0.255885,0.262172,0.268311,0.274282,0.280069,0.285655,0.291022,0.296155,0.301037,0.305654,0.309991,0.314033,0.317769,0.321185,0.324272,0.327017,0.329413,0.331452,0.333126,0.33443,0.33536,0.335912,0.336086,0.335879,0.335293,0.334331,0.332995,0.331289,0.32922,0.326795,0.324022,0.320909,0.317468,0.313709,0.309645,0.305289,0.300655,0.295757,0.290611,0.285233,0.279638,0.273845,0.267869,0.261729,0.255441,0.249023,0.242494,0.235869,0.229168,0.222406,0.215601,0.208769,0.201926,0.195088,0.188269,0.181485,0.174748,0.168072,0.16147,0.154953,0.148532,0.142217,0.136017,0.129942,0.123999,0.118195,0.112536,0.107028,0.101676,0.0964827,0.0914522,0.0865869,0.0818887,0.0773586,0.0729973,0.0688049,0.0647807,0.0609237,0.0572323,0.0537045,0.0503379,0.0471298,0.0440769,0.0411759,0.0384231,0.0358146,0.0333461,0.0310135,0.0288123,0.0267379,0.0247858,0.0229512,0.0212295,0.019616,0.0181059,0.0166946,0.0153776,0.0141504,0.0130084,0.0119474,0.0109632,0.0100517,0.00920904,0.00843134,0.00771499,0.00705654,0.00645268,0.00590027,0.00539635,0.00493815,0.00452307,0.00414868,0.00381276,0.00351326,0.00324831,0.00301623,0.00281553,0.00264489,0.0025032,0.00238952,0.00230308,0.00224333,0.00220987,0.00220251,0.00222123,0.0022662,0.00233776,0.00243647,0.00256304,0.0027184,0.00290363,0.00312003,0.00336908,0.00365243,0.00397196,0.00432969,0.00472787,0.00516893,0.00565546,0.00619029,0.00677638,0.00741692,0.00811526,0.00887492,0.00969962,0.0105932,0.0115598,0.0126036,0.0137289,0.0149403,0.0162426,0.0176408,0.0191399,0.0207455,0.0224634,0.0242998,0.0262618,0.0283574,0.0305957,0.032988,0.0355484,0.0382948,0.0412513,0.04445,0.0479352,0.0517686,0.0560364,0.0608603
0.79,0.0544279,0.0579763,0.0616872,0.0655624,0.0696035,0.0738111,0.0781857,0.0827271,0.0874346,0.0923066,0.0973413,0.102536,0.107887,0.11339,0.119041,0.124833,0.130761,0.136818,0.142995,0.149283,0.155674,0.162156,0.16872,0.175352,0.182042,0.188775,0.195538,0.202317,0.209097,0.215862,0.222596,0.229284,0.235908,0.242452,0.248899,0.255232,0.261432,0.267484,0.273369,0.279072,0.284574,0.289861,0.294915,0.299722,0.304267,0.308535,0.312513,0.316189,0.31955,0.322585,0.325286,0.327642,0.329647,0.331293,0.332575,0.333489,0.334032,0.334203,0.333999,0.333423,0.332477,0.331162,0.329485,0.32745,0.325065,0.322336,0.319274,0.315888,0.31219,0.30819,0.303903,0.29934,0.294518,0.28945,0.284152,0.278641,0.272932,0.267042,0.260987,0.254787,0.248456,0.242013,0.235475,0.228858,0.222179,0.215456,0.208703,0.201938,0.195174,0.188427,0.181711,0.17504,0.168426,0.161882,0.15542,0.14905,0.142782,0.136626,0.13059,0.124682,0.11891,0.113279,0.107795,0.102463,0.0972862,0.0922689,0.0874134,0.0827217,0.0781952,0.0738345,0.0696399,0.0656109,0.0617467,0.0580459,0.0545067,0.0511267,0.0479035,0.044834,0.0419151,0.0391431,0.0365144,0.0340249,0.0316706,0.029447,0.0273499,0.0253748,0.023517,0.021772,0.0201353,0.0186022,0.0171682,0.0158288,0.0145796,0.0134162,0.0123343,0.0113298,0.0103987,0.00953715,0.00874131,0.00800763,0.00733267,0.00671313,0.00614591,0.00562807,0.00515683,0.00472962,0.00434402,0.0039978,0.00368892,0.00341551,0.0031759,0.00296859,0.00279227,0.00264582,0.0025283,0.00243896,0.00237722,0.0023427,0.00233519,0.0023547,0.00240138,0.00247558,0.00257787,0.00270895,0.00286975,0.00306137,0.00328509,0.00354241,0.00383498,0.00416467,0.00453351,0.00494374,0.00539779,0.00589825,0.00644792,0.00704978,0.00770699,0.00842289,0.009201,0.010045,0.0109588,0.0119465,0.0130122,0.0141604,0.0153959,0.0167233,0.0181481,0.0196757,0.0213121,0.0230642,0.0249395,0.0269469,0.0290971,0.0314036,0.0338834,0.0365589,0.0394604,0.0426289,0.0461215,0.0500173,0.0544279
0.8,0.0485781,0.051823,0.0552239,0.0587831,0.0625029,0.0663847,0.0704299,0.0746391,0.0790126,0.0835499,0.0882503,0.093112,0.098133,0.10331,0.108641,0.11412,0.119743,0.125503,0.131396,0.137413,0.143546,0.149788,0.156128,0.162556,0.169061,0.175632,0.182257,0.188922,0.195614,0.20232,0.209023,0.21571,0.222364,0.228969,0.23551,0.24197,0.248332,0.254579,0.260694,0.266661,0.272463,0.278083,0.283504,0.288712,0.29369,0.298424,0.302898,0.307099,0.311015,0.314632,0.317939,0.320925,0.323582,0.3259,0.327871,0.32949,0.330751,0.33165,0.332184,0.332351,0.332151,0.331584,0.330653,0.32936,0.32771,0.325708,0.323361,0.320677,0.317664,0.314332,0.310692,0.306755,0.302534,0.298042,0.293293,0.288302,0.283083,0.277652,0.272025,0.266218,0.260249,0.254133,0.247887,0.241529,0.235075,0.228541,0.221944,0.215301,0.208627,0.201937,0.195246,0.18857,0.181922,0.175315,0.168763,0.162277,0.155869,0.149549,0.143328,0.137215,0.131219,0.125347,0.119606,0.114003,0.108543,0.103232,0.0980724,0.0930689,0.0882239,0.0835395,0.0790172,0.0746579,0.0704619,0.0664291,0.0625586,0.0588492,0.0552993,0.0519069,0.0486695,0.0455843,0.0426482,0.0398579,0.0372098,0.0347,0.0323247,0.0300795,0.0279603,0.0259628,0.0240824,0.0223148,0.0206554,0.0190998,0.0176435,0.0162821,0.0150112,0.0138267,0.0127242,0.0116997,0.0107492,0.00986896,0.00905517,0.00830431,0.00761295,0.00697785,0.00639591,0.00586421,0.00538,0.0049407,0.00454392,0.00418742,0.00386917,0.00358732,0.00334018,0.00312626,0.00294427,0.00279306,0.0026717,0.00257945,0.00251572,0.00248014,0.00247251,0.0024928,0.00254121,0.00261807,0.00272393,0.00285954,0.00302579,0.0032238,0.00345487,0.00372046,0.00402225,0.00436209,0.00474203,0.00516429,0.00563129,0.00614564,0.00671013,0.00732771,0.00800155,0.00873499,0.00953155,0.0103949,0.0113291,0.012338,0.0134262,0.0145981,0.0158587,0.0172133,0.0186675,0.0202277,0.0219013,0.0236968,0.0256242,0.0276962,0.029929,0.0323435,0.0349678,0.0378399,0.0410124,0.0445579,0.0485781
0.81,0.0432739,0.0462321,0.0493391,0.0525976,0.0560104,0.0595797,0.0633074,0.067195,0.0712436,0.0754536,0.0798251,0.0843577,0.0890502,0.093901,0.0989077,0.104068,0.109377,0.114831,0.120426,0.126155,0.132011,0.137989,0.144079,0.150274,0.156563,0.162937,0.169385,0.175896,0.182456,0.189055,0.195677,0.20231,0.208938,0.215548,0.222123,0.228648,0.235107,0.241484,0.247763,0.253926,0.259959,0.265843,0.271562,0.277102,0.282444,0.287575,0.292479,0.297141,0.301547,0.305683,0.309537,0.313097,0.316352,0.31929,0.321904,0.324184,0.326124,0.327716,0.328957,0.329841,0.330365,0.33053,0.330333,0.329775,0.328859,0.327587,0.325963,0.323994,0.321685,0.319043,0.316078,0.312798,0.309215,0.30534,0.301184,0.29676,0.292083,0.287165,0.282023,0.276671,0.271124,0.2654,0.259513,0.25348,0.247317,0.241042,0.23467,0.228218,0.221701,0.215136,0.208539,0.201924,0.195305,0.188699,0.182117,0.175575,0.169083,0.162654,0.156299,0.15003,0.143856,0.137786,0.131829,0.125992,0.120283,0.114709,0.109274,0.103983,0.0988416,0.0938524,0.0890185,0.0843421,0.0798248,0.0754677,0.0712712,0.0672352,0.0633592,0.0596421,0.0560825,0.0526784,0.0494277,0.0463275,0.0433752,0.0405673,0.0379006,0.0353713,0.0329756,0.0307096,0.028569,0.0265496,0.0246472,0.0228575,0.021176,0.0195983,0.0181201,0.0167372,0.0154451,0.0142397,0.0131169,0.0120727,0.0111031,0.0102043,0.0093728,0.0086049,0.00789729,0.00724674,0.00665018,0.00610471,0.00560759,0.00515626,0.00474833,0.00438159,0.004054,0.00376372,0.00350906,0.00328855,0.00310088,0.00294491,0.00281973,0.00272457,0.00265886,0.00262222,0.00261446,0.00263556,0.00268569,0.00276521,0.00287467,0.0030148,0.00318652,0.00339093,0.00362933,0.0039032,0.0042142,0.00456419,0.00495521,0.00538949,0.00586943,0.00639765,0.00697693,0.00761024,0.00830075,0.0090518,0.00986697,0.01075,0.0117049,0.012736,0.0138477,0.0150451,0.0163336,0.0177191,0.0192085,0.0208098,0.0225328,0.0243891,0.0263939,0.0285668,0.0309338,0.0335299,0.0364033,0.0396204,0.0432739
0.82,0.0384781,0.0411671,0.0439969,0.046971,0.0500923,0.0533637,0.0567876,0.0603661,0.064101,0.0679935,0.0720445,0.0762546,0.0806234,0.0851505,0.0898345,0.0946737,0.0996658,0.104808,0.110095,0.115525,0.121091,0.126787,0.132609,0.138547,0.144594,0.150742,0.156982,0.163302,0.169693,0.176144,0.182641,0.189173,0.195727,0.202288,0.208843,0.215377,0.221874,0.228321,0.2347,0.240996,0.247193,0.253275,0.259225,0.265029,0.270668,0.276129,0.281395,0.28645,0.291281,0.295873,0.300212,0.304285,0.30808,0.311584,0.314788,0.31768,0.320252,0.322496,0.324404,0.325971,0.327191,0.32806,0.328577,0.328738,0.328544,0.327995,0.327094,0.325842,0.324244,0.322306,0.320034,0.317434,0.314515,0.311287,0.307759,0.303943,0.29985,0.295493,0.290886,0.286041,0.280974,0.275698,0.27023,0.264585,0.258779,0.252827,0.246746,0.240552,0.234261,0.227888,0.221451,0.214963,0.208441,0.201899,0.195352,0.188814,0.182298,0.175818,0.169386,0.163014,0.156713,0.150493,0.144365,0.138338,0.13242,0.126619,0.120943,0.115397,0.109986,0.104718,0.0995942,0.0946199,0.0897977,0.0851299,0.0806183,0.076264,0.0720677,0.0680294,0.0641487,0.0604248,0.0568562,0.0534413,0.050178,0.0470638,0.0440959,0.0412713,0.0385867,0.0360386,0.0336234,0.031337,0.0291757,0.0271352,0.0252114,0.0234,0.0216969,0.0200976,0.0185981,0.0171939,0.015881,0.0146551,0.0135123,0.0124486,0.0114602,0.0105432,0.00969405,0.0089093,0.00818559,0.00751971,0.00690864,0.00634948,0.00583953,0.00537622,0.0049572,0.00458025,0.00424336,0.00394467,0.00368252,0.00345543,0.00326209,0.00310138,0.00297237,0.00287431,0.00280663,0.00276894,0.00276106,0.00278296,0.00283483,0.00291702,0.00303008,0.00317474,0.00335193,0.00356275,0.00380848,0.00409062,0.00441083,0.00477096,0.00517306,0.00561934,0.00611224,0.00665435,0.00724848,0.00789761,0.00860495,0.00937392,0.0102082,0.0111116,0.0120884,0.0131432,0.014281,0.0155074,0.016829,0.0182532,0.0197889,0.0214474,0.0232426,0.0251926,0.0273215,0.0296615,0.0322567,0.0351675,0.0384781
0.83,0.0341542,0.0365914,0.0391613,0.0418676,0.0447138,0.0477028,0.0508378,0.0541212,0.0575553,0.0611422,0.0648834,0.0687801,0.072833,0.0770423,0.0814077,0.0859286,0.0906036,0.0954307,0.100407,0.105531,0.110797,0.116201,0.121738,0.127403,0.133188,0.139087,0.145092,0.151193,0.157383,0.16365,0.169985,0.176376,0.182811,0.189278,0.195764,0.202255,0.208738,0.215197,0.221619,0.227987,0.234288,0.240505,0.246622,0.252624,0.258495,0.264219,0.269781,0.275164,0.280355,0.285337,0.290097,0.294621,0.298895,0.302906,0.306643,0.310093,0.313247,0.316094,0.318625,0.320834,0.322711,0.324253,0.325453,0.326309,0.326817,0.326975,0.326784,0.326244,0.325357,0.324125,0.322552,0.320645,0.318408,0.315849,0.312975,0.309797,0.306323,0.302565,0.298534,0.294242,0.289703,0.284929,0.279934,0.274734,0.269343,0.263776,0.258048,0.252176,0.246175,0.24006,0.233848,0.227554,0.221193,0.214781,0.208333,0.201863,0.195386,0.188915,0.182465,0.176047,0.169674,0.163358,0.157109,0.150939,0.144858,0.138873,0.132994,0.127229,0.121585,0.116067,0.110682,0.105435,0.10033,0.0953716,0.0905616,0.085903,0.0813977,0.077047,0.0728516,0.0688118,0.0649272,0.0611971,0.0576204,0.0541955,0.0509204,0.0477929,0.0448103,0.0419697,0.039268,0.0367019,0.0342677,0.0319618,0.0297803,0.0277193,0.0257746,0.0239422,0.022218,0.0205976,0.0190771,0.0176521,0.0163187,0.0150728,0.0139103,0.0128274,0.0118203,0.0108853,0.0100188,0.00921739,0.00847773,0.00779667,0.0071712,0.00659845,0.00607575,0.00560054,0.00517049,0.00478338,0.00443722,0.00413016,0.00386054,0.00362688,0.00342789,0.00326245,0.00312963,0.00302868,0.00295903,0.0029203,0.0029123,0.00293501,0.00298862,0.00307349,0.00319015,0.00333935,0.00352201,0.00373923,0.00399231,0.00428272,0.00461214,0.00498242,0.00539561,0.00585395,0.00635986,0.00691597,0.00752513,0.00819037,0.008915,0.00970256,0.0105569,0.0114822,0.0124832,0.0135651,0.0147338,0.0159964,0.0173612,0.0188385,0.0204414,0.0221865,0.0240959,0.0261992,0.0285365,0.0311628,0.0341542
0.84,0.0302667,0.0324693,0.0347966,0.0372521,0.0398397,0.0425627,0.0454243,0.0484277,0.0515754,0.05487,0.0583137,0.0619082,0.065655,0.0695551,0.073609,0.0778168,0.0821782,0.0866923,0.0913576,0.096172,0.101133,0.106237,0.111481,0.11686,0.122368,0.128,0.13375,0.13961,0.145572,0.151627,0.157768,0.163983,0.170262,0.176594,0.182968,0.18937,0.195789,0.202211,0.208623,0.215009,0.221356,0.227649,0.233872,0.240011,0.246051,0.251974,0.257767,0.263414,0.268899,0.274208,0.279325,0.284236,0.288927,0.293384,0.297594,0.301545,0.305225,0.308623,0.311728,0.314531,0.317023,0.319197,0.321045,0.322562,0.323743,0.324585,0.325085,0.325241,0.325052,0.324521,0.323647,0.322434,0.320887,0.319009,0.316806,0.314287,0.311458,0.308328,0.304907,0.301205,0.297234,0.293006,0.288533,0.283828,0.278905,0.273778,0.268462,0.262971,0.257321,0.251526,0.245603,0.239566,0.233431,0.227213,0.220928,0.214591,0.208215,0.201816,0.195408,0.189004,0.182617,0.176261,0.169946,0.163685,0.157489,0.151369,0.145333,0.139391,0.133551,0.127821,0.122209,0.116721,0.111361,0.106137,0.101051,0.0961077,0.0913105,0.0866617,0.0821634,0.0778169,0.0736231,0.0695824,0.0656947,0.0619593,0.0583752,0.054941,0.051655,0.0485149,0.0455183,0.0426624,0.0399444,0.0373609,0.0349085,0.0325837,0.0303827,0.0283017,0.0263368,0.0244839,0.022739,0.0210981,0.019557,0.0181117,0.0167582,0.0154925,0.0143107,0.0132089,0.0121834,0.0112306,0.010347,0.00952907,0.00877362,0.00807752,0.00743777,0.00685155,0.00631618,0.00582916,0.00538813,0.00499092,0.00463553,0.00432014,0.00404308,0.00380288,0.00359827,0.00342811,0.00329149,0.00318765,0.00311605,0.00307628,0.00306817,0.00309171,0.00314707,0.00323461,0.00335488,0.00350863,0.00369676,0.00392039,0.00418082,0.00447952,0.00481818,0.00519866,0.00562302,0.00609352,0.00661263,0.00718303,0.00780765,0.00848966,0.00923255,0.0100401,0.0109167,0.011867,0.0128966,0.014012,0.0152208,0.0165326,0.0179594,0.0195165,0.0212241,0.0231093,0.0252084,0.0275714,0.0302667
0.85,0.0267815,0.0287665,0.0308679,0.0330896,0.0354354,0.0379087,0.0405132,0.0432521,0.0461285,0.0491454,0.0523052,0.0556103,0.0590627,0.0626641,0.0664157,0.0703184,0.0743727,0.0785784,0.0829351,0.0874418,0.0920968,0.0968981,0.101843,0.106928,0.112149,0.117502,0.122981,0.128581,0.134295,0.140115,0.146035,0.152045,0.158137,0.1643,0.170524,0.176798,0.183111,0.18945,0.195803,0.202157,0.208499,0.214813,0.221087,0.227305,0.233453,0.239516,0.245479,0.251326,0.257043,0.262614,0.268024,0.273259,0.278304,0.283146,0.287769,0.292161,0.29631,0.300202,0.303827,0.307173,0.310231,0.312991,0.315445,0.317584,0.319404,0.320897,0.32206,0.322888,0.32338,0.323533,0.323348,0.322824,0.321964,0.32077,0.319246,0.317397,0.315229,0.312748,0.309962,0.306879,0.30351,0.299863,0.295951,0.291785,0.287376,0.282739,0.277886,0.27283,0.267587,0.262171,0.256596,0.250877,0.24503,0.23907,0.233011,0.226868,0.220658,0.214393,0.208089,0.20176,0.195419,0.189081,0.182757,0.176461,0.170204,0.163998,0.157854,0.151782,0.145791,0.139892,0.134091,0.128397,0.122817,0.117358,0.112024,0.106822,0.101755,0.0968286,0.0920447,0.0874063,0.0829155,0.0785738,0.0743824,0.0703415,0.0664513,0.0627113,0.0591206,0.0556779,0.0523816,0.0492297,0.0462198,0.0433495,0.0406157,0.0380156,0.0355457,0.0332026,0.0309827,0.0288824,0.0268978,0.0250249,0.02326,0.0215989,0.0200377,0.0185725,0.0171993,0.0159142,0.0147133,0.0135929,0.0125494,0.011579,0.0106784,0.00984421,0.00907315,0.00836215,0.00770827,0.00710869,0.00656076,0.006062,0.00561007,0.00520283,0.00483827,0.00451458,0.00423011,0.00398341,0.00377319,0.00359834,0.00345794,0.00335124,0.00327768,0.00323689,0.00322869,0.00325305,0.00331016,0.00340039,0.00352428,0.00368258,0.0038762,0.00410627,0.00437407,0.00468112,0.00502909,0.00541989,0.0058556,0.00633854,0.00687126,0.00745656,0.00809755,0.00879766,0.00956075,0.0103912,0.011294,0.0122751,0.0133416,0.0145023,0.015768,0.017153,0.0186755,0.0203601,0.0222399,0.0243597,0.0267815
0.86,0.0236661,0.0254499,0.027342,0.0293464,0.0314668,0.033707,0.0360706,0.038561,0.0411817,0.0439359,0.0468264,0.0498559,0.0530271,0.0563419,0.0598023,0.0634099,0.0671656,0.0710703,0.0751242,0.0793272,0.0836786,0.0881773,0.0928216,0.0976092,0.102537,0.107603,0.112801,0.118128,0.123578,0.129145,0.134823,0.140605,0.146482,0.152447,0.15849,0.164601,0.170771,0.176988,0.183241,0.189518,0.195806,0.202093,0.208366,0.21461,0.220812,0.226957,0.233031,0.239019,0.244907,0.250679,0.256321,0.261818,0.267155,0.272319,0.277294,0.282067,0.286624,0.290953,0.295041,0.298877,0.302448,0.305744,0.308755,0.311473,0.31389,0.315996,0.317788,0.319258,0.320403,0.321218,0.321702,0.321853,0.32167,0.321154,0.320307,0.319132,0.317631,0.31581,0.313675,0.311231,0.308487,0.305451,0.302131,0.298539,0.294684,0.290578,0.286233,0.281661,0.276876,0.271891,0.266719,0.261376,0.255874,0.25023,0.244458,0.238572,0.232587,0.226519,0.220381,0.214188,0.207954,0.201693,0.195419,0.189145,0.182884,0.176647,0.170448,0.164296,0.158203,0.152179,0.146234,0.140376,0.134614,0.128956,0.123409,0.117978,0.112671,0.107491,0.102445,0.0975346,0.0927644,0.0881368,0.0836542,0.079318,0.0751294,0.0710891,0.0671971,0.0634531,0.0598565,0.0564061,0.0531002,0.0499372,0.0469149,0.0440307,0.041282,0.0386658,0.0361791,0.0338184,0.0315803,0.0294612,0.0274574,0.0255651,0.0237806,0.0220998,0.020519,0.0190343,0.0176418,0.0163376,0.015118,0.0139794,0.012918,0.0119303,0.011013,0.0101627,0.00937622,0.00865049,0.00798261,0.00736979,0.00680941,0.006299,0.00583626,0.00541905,0.00504537,0.00471344,0.00442161,0.00416844,0.00395265,0.00377313,0.00362896,0.00351941,0.00344392,0.00340213,0.00339383,0.00341903,0.00347791,0.00357084,0.00369837,0.00386124,0.00406039,0.00429694,0.00457221,0.00488771,0.00524518,0.00564655,0.00609401,0.00658996,0.00713714,0.00773857,0.00839771,0.00911847,0.00990543,0.0107639,0.0117005,0.0127231,0.0138416,0.015069,0.0164218,0.0179224,0.0196005,0.0214966,0.0236661
0.87,0.0208902,0.0224883,0.0241869,0.02599,0.0279012,0.0299243,0.0320631,0.0343212,0.036702,0.0392089,0.0418452,0.0446138,0.0475177,0.0505593,0.0537411,0.0570649,0.0605327,0.0641456,0.0679048,0.0718108,0.0758637,0.0800633,0.0844088,0.088899,0.093532,0.0983055,0.103217,0.108262,0.113437,0.118738,0.124158,0.129693,0.135336,0.141079,0.146914,0.152834,0.158828,0.164889,0.171005,0.177165,0.183359,0.189574,0.195799,0.20202,0.208225,0.214399,0.220531,0.226604,0.232605,0.23852,0.244335,0.250033,0.255602,0.261027,0.266293,0.271386,0.276293,0.280999,0.285492,0.28976,0.293789,0.297568,0.301086,0.304334,0.3073,0.309977,0.312357,0.314432,0.316196,0.317644,0.31877,0.319573,0.32005,0.320198,0.320018,0.31951,0.318676,0.317518,0.31604,0.314247,0.312143,0.309737,0.307033,0.304042,0.300772,0.297232,0.293433,0.289385,0.285102,0.280595,0.275876,0.270959,0.265857,0.260585,0.255156,0.249585,0.243886,0.238073,0.232161,0.226165,0.220098,0.213976,0.207811,0.201618,0.195409,0.189199,0.182999,0.176821,0.170678,0.164579,0.158537,0.152562,0.146661,0.140845,0.135122,0.1295,0.123984,0.118583,0.113302,0.108146,0.103119,0.0982259,0.0934699,0.0888537,0.0843796,0.0800495,0.0758644,0.0718252,0.0679321,0.064185,0.0605831,0.0571256,0.053811,0.0506376,0.0476034,0.0447061,0.0419431,0.0393116,0.0368086,0.0344309,0.0321752,0.0300379,0.0280156,0.0261044,0.0243008,0.0226008,0.0210008,0.019497,0.0180855,0.0167626,0.0155247,0.0143681,0.0132891,0.0122844,0.0113506,0.0104845,0.00968272,0.00894243,0.0082607,0.00763477,0.00706206,0.00654011,0.00606664,0.00563952,0.0052568,0.00491668,0.00461754,0.00435794,0.0041366,0.00395244,0.00380454,0.00369216,0.00361476,0.00357197,0.0035636,0.00358966,0.00365033,0.00374599,0.00387719,0.00404469,0.00424945,0.0044926,0.0047755,0.00509971,0.00546704,0.00587953,0.0063395,0.0068496,0.00741285,0.00803273,0.00871333,0.00945949,0.0102771,0.0111732,0.012157,0.0132401,0.0144376,0.0157694,0.0172624,0.0189528,0.0208902
0.88,0.0184255,0.0198526,0.0213728,0.0229898,0.0247073,0.0265291,0.0284589,0.0305003,0.0326569,0.0349322,0.0373296,0.0398523,0.0425035,0.045286,0.0482025,0.0512555,0.0544472,0.0577794,0.0612538,0.0648715,0.0686334,0.07254,0.0765914,0.080787,0.0851261,0.0896072,0.0942284,0.0989874,0.103881,0.108906,0.114058,0.119332,0.124723,0.130226,0.135833,0.141537,0.14733,0.153205,0.159152,0.165162,0.171225,0.177329,0.183465,0.189619,0.195781,0.201937,0.208076,0.214182,0.220244,0.226247,0.232177,0.23802,0.243763,0.24939,0.254887,0.260241,0.265437,0.270462,0.275301,0.279943,0.284373,0.28858,0.292551,0.296276,0.299743,0.302943,0.305866,0.308503,0.310847,0.312891,0.314628,0.316053,0.317163,0.317954,0.318422,0.318568,0.318391,0.31789,0.317069,0.315928,0.314473,0.312706,0.310634,0.308263,0.3056,0.302652,0.29943,0.295941,0.292196,0.288207,0.283984,0.279539,0.274885,0.270035,0.265002,0.2598,0.254441,0.248941,0.243314,0.237573,0.231732,0.225807,0.219811,0.213757,0.20766,0.201533,0.195389,0.189241,0.183102,0.176982,0.170894,0.164849,0.158858,0.152929,0.147073,0.141299,0.135614,0.130027,0.124545,0.119173,0.113918,0.108785,0.103779,0.0989029,0.0941614,0.089557,0.0850921,0.0807685,0.0765876,0.0725501,0.0686566,0.0649068,0.0613004,0.0578365,0.0545137,0.0513307,0.0482853,0.0453756,0.042599,0.0399528,0.0374342,0.0350402,0.0327674,0.0306125,0.0285721,0.0266426,0.0248203,0.0231017,0.021483,0.0199604,0.0185304,0.0171892,0.0159332,0.0147589,0.0136627,0.0126413,0.0116912,0.0108093,0.00999256,0.00923788,0.00854245,0.00790356,0.00731863,0.00678524,0.00630114,0.00586421,0.00547251,0.00512427,0.00481787,0.00455188,0.00432504,0.00413627,0.00398466,0.00386948,0.00379019,0.00374643,0.00373802,0.00376497,0.00382747,0.00392591,0.00406087,0.00423312,0.00444364,0.00469363,0.0049845,0.00531792,0.00569582,0.00612045,0.00659441,0.00712075,0.00770306,0.00834566,0.00905377,0.00983387,0.0106941,0.0116449,0.0126998,0.0138768,0.0152,0.0167015,0.0184255
0.89,0.0162463,0.0175161,0.0188718,0.0203172,0.0218557,0.0234912,0.0252271,0.0270672,0.029015,0.031074,0.0332479,0.0355399,0.0379533,0.0404912,0.0431566,0.0459523,0.0488809,0.0519446,0.0551455,0.0584853,0.0619656,0.0655874,0.0693515,0.0732581,0.0773073,0.0814984,0.0858304,0.090302,0.0949111,0.0996551,0.104531,0.109535,0.114664,0.119911,0.125273,0.130743,0.136314,0.14198,0.147732,0.153562,0.159462,0.165422,0.171432,0.177481,0.183559,0.189654,0.195754,0.201846,0.207919,0.213959,0.219952,0.225886,0.231746,0.237519,0.243191,0.248748,0.254175,0.25946,0.264587,0.269545,0.274319,0.278897,0.283266,0.287413,0.291329,0.295,0.298417,0.301571,0.304451,0.307049,0.309358,0.311371,0.313083,0.314487,0.31558,0.316358,0.31682,0.316963,0.316788,0.316295,0.315486,0.314362,0.312928,0.311188,0.309147,0.30681,0.304186,0.301282,0.298105,0.294667,0.290975,0.287042,0.282878,0.278495,0.273904,0.26912,0.264153,0.259019,0.25373,0.248299,0.242742,0.237071,0.231301,0.225445,0.219518,0.213532,0.207502,0.20144,0.19536,0.189273,0.183193,0.177131,0.171098,0.165106,0.159164,0.153282,0.147471,0.141738,0.136092,0.13054,0.12509,0.119747,0.114519,0.109409,0.104424,0.0995657,0.0948392,0.0902471,0.0857918,0.0814753,0.077299,0.0732639,0.0693705,0.0656188,0.0620085,0.0585388,0.0552086,0.0520165,0.0489607,0.0460391,0.0432495,0.0405893,0.0380558,0.0356459,0.0333567,0.0311848,0.0291269,0.0271795,0.0253392,0.0236023,0.0219653,0.0204245,0.0189763,0.0176171,0.0163435,0.0151518,0.0140386,0.0130006,0.0120346,0.0111373,0.0103056,0.00953675,0.00882779,0.00817607,0.00757905,0.00703435,0.00653971,0.00609305,0.00569245,0.00533615,0.00502254,0.00475022,0.00451792,0.00432459,0.0041693,0.00405136,0.00397022,0.00392554,0.00391713,0.00394503,0.00400944,0.00411078,0.00424964,0.00442685,0.00464346,0.00490074,0.00520024,0.00554379,0.0059336,0.00637227,0.00686291,0.00740931,0.00801609,0.00868902,0.00943535,0.0102644,0.0111884,0.0122232,0.0133903,0.0147184,0.0162463
0.9,0.0143293,0.0154542,0.0166585,0.0179457,0.0193191,0.0207823,0.0223389,0.0239923,0.0257462,0.027604,0.0295693,0.0316455,0.0338361,0.0361441,0.0385729,0.0411254,0.0438045,0.0466127,0.0495526,0.0526264,0.0558359,0.0591827,0.0626683,0.0662936,0.0700592,0.0739652,0.0780116,0.0821976,0.0865222,0.0909837,0.0955802,0.100309,0.105167,0.11015,0.115255,0.120476,0.125808,0.131245,0.136781,0.142408,0.148119,0.153906,0.159759,0.165669,0.171627,0.177622,0.183643,0.189678,0.195717,0.201747,0.207755,0.213729,0.219656,0.225522,0.231313,0.237017,0.24262,0.248108,0.253467,0.258683,0.263744,0.268636,0.273346,0.277862,0.28217,0.286261,0.290121,0.29374,0.297109,0.300217,0.303055,0.305615,0.307891,0.309874,0.31156,0.312943,0.31402,0.314787,0.315241,0.315383,0.31521,0.314724,0.313927,0.31282,0.311407,0.309692,0.30768,0.305378,0.302792,0.299929,0.296798,0.293408,0.289769,0.285891,0.281784,0.277461,0.272933,0.268212,0.263311,0.258243,0.253022,0.24766,0.242171,0.236569,0.230868,0.22508,0.21922,0.213301,0.207337,0.201339,0.195321,0.189295,0.183274,0.177268,0.17129,0.165349,0.159456,0.153622,0.147854,0.142162,0.136554,0.131038,0.12562,0.120307,0.115105,0.110019,0.105054,0.100215,0.0955035,0.0909241,0.0864789,0.08217,0.0779989,0.0739667,0.070074,0.066321,0.0627073,0.0592325,0.0558955,0.052695,0.0496294,0.0466967,0.0438947,0.0412211,0.0386732,0.0362482,0.0339431,0.0317547,0.0296798,0.0277151,0.0258572,0.0241025,0.0224476,0.020889,0.0194231,0.0180463,0.0167553,0.0155465,0.0144167,0.0133625,0.0123807,0.0114681,0.0106219,0.00983895,0.00911661,0.00845222,0.00784325,0.00728734,0.00678228,0.00632599,0.00591657,0.00555228,0.00523154,0.00495294,0.00471524,0.00451738,0.00435848,0.00423782,0.00415489,0.00410934,0.00410102,0.00412997,0.00419645,0.00430088,0.00444395,0.00462655,0.00484984,0.00511525,0.00542458,0.00577998,0.0061841,0.00664022,0.00715235,0.00772556,0.00836629,0.0090828,0.00988586,0.0107897,0.0118131,0.0129816,0.0143293
0.91,0.0126536,0.013645,0.0147098,0.0158511,0.0170723,0.0183765,0.0197673,0.021248,0.0228221,0.0244931,0.0262644,0.0281395,0.0301218,0.0322147,0.0344213,0.0367449,0.0391885,0.0417549,0.044447,0.0472672,0.0502178,0.0533009,0.0565184,0.0598717,0.0633619,0.0669901,0.0707565,0.0746614,0.0787045,0.0828849,0.0872015,0.0916526,0.096236,0.100949,0.105789,0.110751,0.115832,0.121026,0.126328,0.131733,0.137234,0.142823,0.148493,0.154235,0.160042,0.165903,0.171809,0.17775,0.183715,0.189693,0.195672,0.20164,0.207585,0.213494,0.219355,0.225154,0.230878,0.236515,0.24205,0.24747,0.252761,0.257911,0.262907,0.267735,0.272382,0.276837,0.281087,0.285121,0.288928,0.292496,0.295817,0.298881,0.301678,0.304202,0.306444,0.308398,0.31006,0.311422,0.312483,0.313238,0.313686,0.313825,0.313655,0.313176,0.31239,0.311299,0.309907,0.308217,0.306235,0.303966,0.301416,0.298595,0.295508,0.292166,0.288577,0.284753,0.280702,0.276438,0.27197,0.267312,0.262475,0.257472,0.252317,0.247022,0.241601,0.236067,0.230432,0.224712,0.218918,0.213065,0.207165,0.20123,0.195274,0.189308,0.183344,0.177394,0.171469,0.16558,0.159736,0.153947,0.148223,0.142572,0.137002,0.131521,0.126136,0.120852,0.115677,0.110615,0.105672,0.10085,0.0961546,0.0915882,0.0871536,0.0828527,0.0786873,0.0746586,0.0707672,0.0670134,0.0633971,0.0599177,0.0565746,0.0533663,0.0502914,0.0473482,0.0445346,0.0418481,0.0392865,0.0368469,0.0345264,0.0323221,0.0302308,0.0282493,0.0263743,0.0246023,0.02293,0.0213539,0.0198706,0.0184766,0.0171686,0.0159431,0.0147969,0.0137267,0.0127294,0.0118018,0.0109411,0.0101444,0.00940885,0.00873193,0.00811115,0.00754417,0.00702879,0.00656296,0.00614482,0.00577262,0.00544482,0.00516001,0.00491697,0.00471466,0.0045522,0.0044289,0.00434426,0.00429795,0.00428987,0.00432008,0.00438889,0.00449682,0.00464463,0.00483338,0.00506443,0.00533951,0.00566082,0.00603109,0.0064538,0.00693332,0.00747529,0.00808694,0.00877777,0.00956026,0.010451,0.0114722,0.0126536
0.92,0.0112011,0.0120692,0.0130052,0.0140119,0.0150924,0.0162499,0.0174875,0.0188085,0.0202162,0.021714,0.0233053,0.0249934,0.0267817,0.0286736,0.0306724,0.0327813,0.0350035,0.037342,0.0397998,0.0423797,0.0450841,0.0479156,0.0508764,0.0539683,0.0571931,0.0605521,0.0640465,0.0676769,0.0714437,0.0753469,0.0793861,0.0835604,0.0878686,0.0923088,0.0968788,0.101576,0.106397,0.111338,0.116394,0.121562,0.126835,0.132207,0.137672,0.143223,0.148852,0.154552,0.160312,0.166125,0.17198,0.177868,0.183778,0.189698,0.195618,0.201525,0.207407,0.213253,0.219049,0.224783,0.230441,0.236011,0.24148,0.246834,0.25206,0.257145,0.262076,0.266841,0.271427,0.275823,0.280016,0.283995,0.287749,0.291268,0.294542,0.297562,0.30032,0.302807,0.305017,0.306943,0.30858,0.309923,0.310968,0.311713,0.312154,0.312291,0.312123,0.311651,0.310876,0.309801,0.308429,0.306763,0.304809,0.302572,0.30006,0.297278,0.294234,0.290939,0.2874,0.283628,0.279632,0.275425,0.271017,0.266419,0.261645,0.256707,0.251616,0.246387,0.241032,0.235563,0.229995,0.224341,0.218612,0.212823,0.206986,0.201114,0.195218,0.189311,0.183404,0.17751,0.171638,0.165799,0.160003,0.15426,0.148579,0.142969,0.137437,0.131991,0.126638,0.121384,0.116235,0.111198,0.106275,0.101472,0.0967927,0.0922398,0.087816,0.0835237,0.0793645,0.0753397,0.0714501,0.0676961,0.0640777,0.0605945,0.0572457,0.0540303,0.0509469,0.0479937,0.0451689,0.0424703,0.0398955,0.0374418,0.0351066,0.0328869,0.0307797,0.0287819,0.0268902,0.0251014,0.0234121,0.021819,0.0203187,0.0189079,0.0175832,0.0163413,0.015179,0.0140931,0.0130806,0.0121383,0.0112633,0.0104529,0.0097044,0.00901513,0.00838269,0.00780476,0.00727918,0.00680393,0.00637716,0.00599715,0.00566236,0.00537142,0.00512313,0.00491645,0.00475053,0.0046247,0.0045385,0.00449164,0.00448404,0.00451587,0.00458751,0.00469961,0.00485315,0.00504941,0.00529014,0.00557758,0.00591462,0.00630501,0.00675359,0.00726664,0.00785241,0.00852178,0.00928914,0.0101737,0.0112011
0.93,0.0099567,0.0107103,0.0115268,0.0124088,0.0133593,0.014381,0.015477,0.0166503,0.0179041,0.0192415,0.0206658,0.0221803,0.0237883,0.025493,0.0272979,0.0292061,0.0312209,0.0333454,0.0355826,0.0379356,0.040407,0.0429996,0.0457159,0.0485581,0.0515284,0.0546285,0.05786,0.0612242,0.0647221,0.0683541,0.0721207,0.0760217,0.0800565,0.0842243,0.0885236,0.0929525,0.0975088,0.10219,0.106992,0.111911,0.116943,0.122084,0.127327,0.132667,0.138097,0.14361,0.149199,0.154855,0.16057,0.166335,0.17214,0.177975,0.18383,0.189694,0.195555,0.201403,0.207224,0.213007,0.21874,0.224409,0.230003,0.235508,0.240911,0.2462,0.251362,0.256383,0.261252,0.265955,0.270482,0.274819,0.278956,0.282881,0.286584,0.290054,0.293283,0.296261,0.29898,0.301432,0.30361,0.305509,0.307122,0.308446,0.309476,0.310209,0.310644,0.310778,0.310613,0.310148,0.309384,0.308324,0.306971,0.30533,0.303403,0.301198,0.298721,0.295978,0.292977,0.289727,0.286236,0.282515,0.278574,0.274422,0.270072,0.265535,0.260822,0.255946,0.250919,0.245754,0.240463,0.23506,0.229557,0.223967,0.218302,0.212577,0.206802,0.20099,0.195154,0.189305,0.183455,0.177614,0.171795,0.166006,0.160258,0.15456,0.148922,0.143352,0.137858,0.132446,0.127126,0.121901,0.11678,0.111766,0.106865,0.102081,0.0974181,0.0928789,0.0884665,0.0841831,0.0800306,0.0760103,0.072123,0.0683694,0.0647494,0.0612628,0.057909,0.0546871,0.0515956,0.0486331,0.0457978,0.0430876,0.0405002,0.0380331,0.0356836,0.0334491,0.0313265,0.0293129,0.027405,0.0255998,0.023894,0.0222843,0.0207674,0.01934,0.017999,0.0167411,0.015563,0.0144617,0.0134341,0.0124773,0.0115884,0.0107646,0.0100032,0.00930174,0.00865778,0.00806905,0.0075334,0.00704885,0.00661355,0.00622583,0.00588416,0.0055872,0.00533375,0.00512283,0.0049536,0.00482544,0.00473792,0.00469083,0.00468418,0.00471825,0.00479359,0.0049111,0.00507205,0.00527819,0.00553189,0.00583625,0.00619534,0.00661456,0.00710095,0.00766387,0.00831565,0.00907268,0.0099567
0.94,0.00890763,0.00955417,0.0102593,0.0110255,0.0118552,0.0127511,0.0137158,0.0147523,0.0158635,0.0170523,0.0183219,0.0196753,0.0211159,0.0226467,0.024271,0.025992,0.027813,0.029737,0.0317673,0.0339068,0.0361585,0.0385253,0.0410099,0.0436147,0.0463422,0.0491946,0.0521738,0.0552815,0.0585192,0.061888,0.0653887,0.0690219,0.0727878,0.076686,0.080716,0.0848767,0.0891667,0.093584,0.0981262,0.10279,0.107573,0.112471,0.117479,0.122592,0.127806,0.133113,0.138509,0.143984,0.149533,0.155146,0.160816,0.166534,0.172289,0.178072,0.183873,0.189681,0.195485,0.201273,0.207034,0.212756,0.218426,0.224033,0.229563,0.235004,0.240344,0.245569,0.250667,0.255626,0.260433,0.265077,0.269544,0.273825,0.277907,0.281779,0.285432,0.288855,0.29204,0.294976,0.297657,0.300075,0.302223,0.304094,0.305685,0.306989,0.308004,0.308727,0.309155,0.309288,0.309125,0.308666,0.307913,0.306868,0.305535,0.303916,0.302017,0.299843,0.2974,0.294695,0.291735,0.28853,0.285086,0.281415,0.277526,0.27343,0.269136,0.264658,0.260005,0.25519,0.250225,0.245123,0.239896,0.234556,0.229117,0.22359,0.217989,0.212325,0.206611,0.20086,0.195082,0.18929,0.183496,0.177709,0.171941,0.166201,0.160501,0.154848,0.149253,0.143722,0.138265,0.132889,0.1276,0.122406,0.117311,0.112322,0.107442,0.102678,0.098031,0.0935059,0.0891052,0.0848311,0.0806857,0.0766703,0.0727859,0.0690331,0.0654121,0.0619228,0.0585646,0.0553366,0.0522377,0.0492665,0.0464212,0.0436999,0.0411005,0.0386205,0.0362574,0.0340085,0.031871,0.0298421,0.0279185,0.0260974,0.0243754,0.0227495,0.0212164,0.019773,0.018416,0.0171423,0.0159487,0.0148323,0.01379,0.0128189,0.0119162,0.0110792,0.0103052,0.00959168,0.00893637,0.00833698,0.0077914,0.00729767,0.00685397,0.00645866,0.00611025,0.00580739,0.00554896,0.00533398,0.00516168,0.0050315,0.00494308,0.00489633,0.00489142,0.00492881,0.00500935,0.00513432,0.00530555,0.00552551,0.00579759,0.00612625,0.00651745,0.00697906,0.00752145,0.00815831,0.00890763
0.95,0.00804418,0.00858984,0.00919048,0.00984818,0.0105651,0.0113438,0.0121865,0.0130959,0.0140747,0.0151256,0.0162517,0.0174557,0.0187408,0.02011,0.0215664,0.0231131,0.0247533,0.0264902,0.0283268,0.0302662,0.0323114,0.0344655,0.0367312,0.0391113,0.0416084,0.0442249,0.0469631,0.049825,0.0528126,0.0559273,0.0591706,0.0625434,0.0660465,0.0696804,0.073445,0.07734,0.0813647,0.0855179,0.0897982,0.0942035,0.0987313,0.103379,0.108142,0.113018,0.118001,0.123088,0.128272,0.133547,0.138907,0.144345,0.149854,0.155425,0.161051,0.166721,0.172427,0.178159,0.183907,0.18966,0.195407,0.201138,0.206839,0.212501,0.21811,0.223654,0.229122,0.2345,0.239777,0.24494,0.249976,0.254874,0.259621,0.264206,0.268616,0.272841,0.276869,0.28069,0.284294,0.287671,0.290812,0.293708,0.296352,0.298736,0.300854,0.302699,0.304267,0.305553,0.306553,0.307266,0.307688,0.307819,0.307658,0.307205,0.306463,0.305433,0.304118,0.302522,0.300649,0.298505,0.296096,0.293428,0.290509,0.287347,0.28395,0.280328,0.27649,0.272447,0.26821,0.263788,0.259194,0.254439,0.249536,0.244495,0.23933,0.234053,0.228676,0.223211,0.217672,0.212069,0.206415,0.200723,0.195003,0.189268,0.183528,0.177794,0.172077,0.166386,0.160732,0.155124,0.149571,0.14408,0.13866,0.133319,0.128062,0.122897,0.117829,0.112864,0.108007,0.103261,0.0986316,0.0941209,0.0897322,0.0854679,0.08133,0.07732,0.0734389,0.0696875,0.066066,0.0625744,0.0592123,0.0559789,0.0528732,0.0498938,0.0470391,0.0443073,0.0416964,0.039204,0.0368277,0.0345651,0.0324132,0.0303694,0.0284307,0.026594,0.0248564,0.0232147,0.0216658,0.0202066,0.018834,0.0175448,0.0163361,0.0152049,0.0141481,0.013163,0.0122467,0.0113967,0.0106102,0.00988489,0.0092184,0.00860851,0.00805315,0.00755038,0.00709844,0.0066957,0.0063407,0.00603216,0.00576897,0.00555024,0.00537526,0.00524357,0.00515496,0.00510951,0.00510763,0.00515014,0.00523834,0.00537414,0.00556019,0.00580012,0.00609881,0.00646269,0.00690028,0.00742266,0.00804418
0.96,0.00735937,0.00780894,0.00831049,0.00886578,0.00947674,0.0101454,0.010874,0.0116649,0.0125204,0.0134431,0.0144357,0.0155009,0.0166416,0.0178605,0.0191608,0.0205453,0.0220172,0.0235794,0.0252352,0.0269874,0.0288392,0.0307935,0.0328533,0.0350214,0.0373006,0.0396934,0.0422025,0.0448301,0.0475785,0.0504494,0.0534448,0.056566,0.0598143,0.0631906,0.0666956,0.0703295,0.0740924,0.0779837,0.0820026,0.086148,0.0904182,0.0948111,0.0993242,0.103954,0.108698,0.113552,0.118511,0.12357,0.128725,0.133968,0.139293,0.144694,0.150163,0.155693,0.161274,0.166898,0.172555,0.178237,0.183932,0.189631,0.195323,0.200996,0.206639,0.212241,0.217789,0.223273,0.228679,0.233996,0.239212,0.244313,0.249289,0.254127,0.258815,0.263342,0.267696,0.271867,0.275842,0.279613,0.283169,0.286501,0.289599,0.292456,0.295064,0.297415,0.299503,0.301323,0.302869,0.304137,0.305123,0.305825,0.306241,0.30637,0.306211,0.305765,0.305033,0.304017,0.302721,0.301147,0.2993,0.297185,0.294809,0.292177,0.289298,0.286178,0.282827,0.279253,0.275465,0.271475,0.267291,0.262926,0.258389,0.253693,0.248849,0.24387,0.238766,0.23355,0.228234,0.22283,0.217351,0.211809,0.206214,0.20058,0.194917,0.189237,0.183551,0.177869,0.172202,0.16656,0.160953,0.155388,0.149877,0.144425,0.139043,0.133736,0.128511,0.123376,0.118335,0.113394,0.108559,0.103833,0.0992201,0.0947241,0.0903478,0.0860937,0.0819637,0.0779594,0.0740822,0.0703326,0.0667111,0.0632178,0.0598524,0.0566141,0.053502,0.050515,0.0476514,0.0449097,0.0422878,0.0397836,0.0373947,0.0351187,0.032953,0.0308948,0.0289414,0.0270897,0.0253368,0.0236797,0.0221154,0.0206408,0.0192529,0.0179486,0.0167251,0.0155792,0.0145083,0.0135094,0.0125798,0.0117169,0.0109183,0.0101813,0.00950381,0.0088836,0.00831863,0.00780702,0.00734702,0.00693705,0.00657571,0.00626176,0.00599419,0.00577218,0.00559516,0.00546281,0.00537515,0.00533254,0.00533578,0.00538621,0.0054858,0.00563737,0.00584473,0.00611297,0.00644874,0.00686062,0.00735937
0.97,0.00684904,0.00720593,0.00761245,0.00807007,0.0085804,0.00914518,0.00976632,0.0104458,0.0111859,0.0119888,0.0128569,0.0137927,0.0147989,0.015878,0.017033,0.0182666,0.0195817,0.0209812,0.0224682,0.0240456,0.0257164,0.0274836,0.0293501,0.0313189,0.0333927,0.0355744,0.0378665,0.0402717,0.0427922,0.0454304,0.0481883,0.0510678,0.0540704,0.0571975,0.0604503,0.0638296,0.067336,0.0709695,0.0747301,0.0786173,0.0826301,0.0867672,0.0910269,0.0954072,0.0999053,0.104518,0.109242,0.114074,0.119008,0.12404,0.129165,0.134376,0.139667,0.145031,0.150461,0.155949,0.161486,0.167064,0.172673,0.178305,0.183949,0.189594,0.195231,0.200848,0.206433,0.211977,0.217466,0.22289,0.228236,0.233493,0.238648,0.243689,0.248606,0.253385,0.258015,0.262486,0.266785,0.270902,0.274826,0.278548,0.282057,0.285345,0.288402,0.29122,0.293792,0.296111,0.298171,0.299965,0.30149,0.30274,0.303713,0.304405,0.304815,0.304942,0.304785,0.304345,0.303623,0.302621,0.301342,0.29979,0.297968,0.295883,0.293539,0.290943,0.288102,0.285024,0.281717,0.278189,0.274451,0.270512,0.266382,0.262071,0.257591,0.252952,0.248167,0.243247,0.238202,0.233047,0.227791,0.222447,0.217028,0.211544,0.206008,0.200431,0.194824,0.189199,0.183566,0.177935,0.172318,0.166724,0.161162,0.155642,0.150171,0.144759,0.139413,0.13414,0.128948,0.123842,0.118828,0.113912,0.109099,0.104392,0.0997968,0.0953158,0.0909522,0.0867085,0.0825868,0.0785888,0.0747158,0.0709685,0.0673476,0.063853,0.0604847,0.057242,0.0541242,0.05113,0.0482582,0.045507,0.0428747,0.0403592,0.0379582,0.0356695,0.0334903,0.0314183,0.0294505,0.0275842,0.0258164,0.0241444,0.022565,0.0210754,0.0196726,0.0183536,0.0171155,0.0159554,0.0148705,0.0138581,0.0129154,0.01204,0.0112293,0.0104809,0.0097926,0.00916227,0.00858791,0.00806766,0.00759984,0.00718294,0.0068156,0.0064967,0.00622532,0.00600078,0.00582269,0.00569098,0.00560599,0.00556849,0.00557981,0.00564194,0.0057577,0.00593083,0.0061662,0.00646986,0.00684904
0.98,0.00651179,0.00677803,0.00709224,0.00745557,0.00786929,0.00833485,0.00885383,0.00942798,0.0100591,0.0107493,0.0115007,0.0123154,0.0131959,0.0141446,0.015164,0.0162569,0.0174259,0.0186737,0.0200034,0.0214176,0.0229193,0.0245115,0.026197,0.0279787,0.0298596,0.0318423,0.0339297,0.0361244,0.038429,0.040846,0.0433775,0.0460258,0.0487927,0.0516801,0.0546894,0.057822,0.0610788,0.0644606,0.0679677,0.0716004,0.0753583,0.0792409,0.0832471,0.0873756,0.0916246,0.0959918,0.100475,0.10507,0.109774,0.114584,0.119493,0.124498,0.129593,0.134772,0.140029,0.145357,0.150747,0.156194,0.161688,0.16722,0.172782,0.178364,0.183957,0.18955,0.195132,0.200694,0.206223,0.211709,0.21714,0.222505,0.227792,0.232989,0.238085,0.243068,0.247926,0.252648,0.257222,0.261637,0.265882,0.269947,0.273821,0.277495,0.280958,0.284202,0.287218,0.289999,0.292537,0.294824,0.296856,0.298626,0.300129,0.301362,0.302321,0.303004,0.303408,0.303533,0.303379,0.302945,0.302232,0.301244,0.299983,0.298452,0.296655,0.294597,0.292285,0.289723,0.28692,0.283883,0.280619,0.277138,0.273447,0.269558,0.26548,0.261223,0.256799,0.252217,0.247489,0.242626,0.237641,0.232544,0.227347,0.222063,0.216702,0.211276,0.205797,0.200276,0.194724,0.189153,0.183572,0.177993,0.172425,0.166878,0.161361,0.155884,0.150454,0.145081,0.139771,0.134533,0.129372,0.124295,0.119309,0.114417,0.109626,0.10494,0.100362,0.0958962,0.0915455,0.0873126,0.0831996,0.0792082,0.0753398,0.0715954,0.0679754,0.0644801,0.0611094,0.0578629,0.0547398,0.0517391,0.0488594,0.0460994,0.0434571,0.0409308,0.0385182,0.0362171,0.0340251,0.0319396,0.029958,0.0280775,0.0262953,0.0246087,0.0230147,0.0215104,0.020093,0.0187596,0.0175072,0.0163332,0.0152346,0.014209,0.0132535,0.0123657,0.0115432,0.0107836,0.0100848,0.00944457,0.00886107,0.00833248,0.00785719,0.00743376,0.00706095,0.00673774,0.00646338,0.00623738,0.0060596,0.0059303,0.00585017,0.00582042,0.00584287,0.00591996,0.00605475,0.00625081,0.00651179
0.99,0.00634895,0.00652522,0.00674847,0.00701951,0.00733931,0.00770899,0.00812981,0.0086032,0.00913073,0.0097141,0.0103551,0.0110558,0.0118183,0.0126446,0.0135373,0.0144986,0.0155311,0.0166374,0.0178201,0.019082,0.0204258,0.0218543,0.0233705,0.024977,0.0266768,0.0284727,0.0303674,0.0323637,0.0344642,0.0366715,0.0389881,0.0414163,0.0439582,0.0466161,0.0493916,0.0522864,0.0553019,0.0584394,0.0616997,0.0650834,0.068591,0.0722223,0.0759771,0.0798547,0.0838539,0.0879734,0.0922113,0.0965653,0.101033,0.10561,0.110294,0.115081,0.119966,0.124944,0.13001,0.135157,0.140379,0.14567,0.151023,0.156428,0.161879,0.167366,0.172882,0.178415,0.183957,0.189498,0.195027,0.200534,0.206008,0.211437,0.216811,0.222118,0.227347,0.232486,0.237524,0.242449,0.24725,0.251915,0.256434,0.260795,0.264988,0.269001,0.272826,0.276453,0.279871,0.283073,0.286049,0.288793,0.291297,0.293554,0.295558,0.297304,0.298787,0.300003,0.300949,0.301622,0.302021,0.302144,0.301992,0.301563,0.300861,0.299886,0.298642,0.297131,0.295358,0.293328,0.291047,0.288519,0.285753,0.282755,0.279534,0.276097,0.272454,0.268614,0.264587,0.260383,0.256012,0.251486,0.246814,0.242009,0.237081,0.232042,0.226903,0.221676,0.216373,0.211004,0.205581,0.200116,0.194619,0.1891,0.183571,0.178042,0.172522,0.167022,0.16155,0.156115,0.150727,0.145392,0.140118,0.134914,0.129785,0.124738,0.119778,0.114911,0.110142,0.105476,0.100916,0.0964654,0.092128,0.0879062,0.0838022,0.0798179,0.0759545,0.0722132,0.0685947,0.0650992,0.0617266,0.0584767,0.0553488,0.052342,0.0494551,0.0466866,0.044035,0.0414983,0.0390746,0.0367617,0.0345572,0.0324588,0.0304637,0.0285695,0.0267734,0.0250726,0.0234643,0.0219458,0.0205141,0.0191665,0.0179002,0.0167125,0.0156007,0.014562,0.013594,0.0126941,0.0118601,0.0110896,0.0103804,0.00973064,0.00913833,0.00860179,0.00811949,0.0076901,0.00731251,0.00698585,0.00670955,0.00648334,0.00630731,0.00618192,0.00610798,0.00608663,0.00611916,0.00620658,0.00634895
1,0.00636446,0.00645012,0.00658243,0.00676187,0.00698909,0.00726487,0.00759019,0.00796613,0.00839396,0.00887507,0.00941102,0.0100035,0.0106542,0.0113653,0.0121386,0.0129764,0.013881,0.0148547,0.0159,0.0170194,0.0182156,0.0194912,0.0208489,0.0222914,0.0238215,0.0254421,0.0271558,0.0289653,0.0308735,0.0328829,0.034996,0.0372155,0.0395436,0.0419825,0.0445345,0.0472013,0.0499849,0.0528866,0.0559079,0.0590498,0.0623131,0.0656983,0.0692058,0.0728353,0.0765866,0.0804587,0.0844507,0.0885608,0.0927873,0.0971277,0.101579,0.106139,0.110803,0.115567,0.120427,0.125378,0.130414,0.13553,0.140718,0.145973,0.151287,0.156652,0.16206,0.167503,0.172972,0.178458,0.18395,0.18944,0.194916,0.200369,0.205788,0.211162,0.21648,0.22173,0.226902,0.231984,0.236965,0.241833,0.246578,0.251188,0.255652,0.25996,0.264101,0.268065,0.271842,0.275422,0.278796,0.281957,0.284895,0.287602,0.290073,0.2923,0.294277,0.296,0.297463,0.298662,0.299595,0.30026,0.300653,0.300774,0.300623,0.300201,0.299508,0.298546,0.297318,0.295828,0.294079,0.292076,0.289824,0.28733,0.2846,0.281641,0.278461,0.275068,0.271471,0.26768,0.263703,0.25955,0.255232,0.25076,0.246143,0.241394,0.236522,0.23154,0.226458,0.221288,0.216041,0.210729,0.205361,0.19995,0.194507,0.189041,0.183563,0.178083,0.172611,0.167157,0.161729,0.156337,0.150988,0.145692,0.140454,0.135284,0.130186,0.125168,0.120235,0.115393,0.110647,0.106001,0.101458,0.0970237,0.0926998,0.0884894,0.0843948,0.0804178,0.0765599,0.0728223,0.0692056,0.0657102,0.0623363,0.0590835,0.0559513,0.0529389,0.0500451,0.0472688,0.0446082,0.0420618,0.0396274,0.0373032,0.0350867,0.0329757,0.0309677,0.0290602,0.0272505,0.0255359,0.0239137,0.0223813,0.0209357,0.0195744,0.0182945,0.0170934,0.0159685,0.0149171,0.0139369,0.0130252,0.0121799,0.0113988,0.0106797,0.0100207,0.00941999,0.00887598,0.00838724,0.00795253,0.00757088,0.00724152,0.00696395,0.00673787,0.00656315,0.00643961,0.00636671,0.0063429,0.00636446
1.01,0.00656481,0.00655793,0.00659801,0.00668522,0.00681988,0.00700245,0.00723358,0.00751405,0.00784481,0.00822693,0.00866166,0.00915039,0.00969462,0.010296,0.0109563,0.0116775,0.0124616,0.0133106,0.0142269,0.0152128,0.0162707,0.017403,0.0186123,0.0199012,0.0212725,0.0227286,0.0242725,0.0259066,0.0276338,0.0294567,0.0313778,0.0333999,0.0355253,0.0377564,0.0400955,0.0425447,0.0451062,0.0477816,0.0505727,0.0534809,0.0565074,0.0596532,0.062919,0.0663053,0.0698122,0.0734396,0.0771869,0.0810533,0.0850375,0.089138,0.0933527,0.0976794,0.102115,0.106657,0.1113,0.116042,0.120877,0.125801,0.130808,0.135892,0.141046,0.146265,0.151541,0.156866,0.162232,0.167631,0.173054,0.178492,0.183935,0.189375,0.194799,0.2002,0.205564,0.210884,0.216146,0.221341,0.226456,0.231482,0.236407,0.24122,0.24591,0.250466,0.254877,0.259132,0.263223,0.267138,0.270867,0.274402,0.277734,0.280854,0.283753,0.286426,0.288864,0.291062,0.293013,0.294712,0.296156,0.297339,0.29826,0.298915,0.299303,0.299422,0.299274,0.298857,0.298173,0.297224,0.296012,0.294541,0.292815,0.290839,0.288617,0.286155,0.28346,0.280539,0.2774,0.27405,0.270499,0.266754,0.262826,0.258724,0.254458,0.250039,0.245476,0.240782,0.235966,0.231039,0.226013,0.220899,0.215708,0.21045,0.205137,0.19978,0.194389,0.188974,0.183547,0.178116,0.172691,0.167282,0.161898,0.156548,0.151239,0.145981,0.140779,0.135642,0.130576,0.125587,0.120681,0.115864,0.11114,0.106514,0.10199,0.0975712,0.0932611,0.0890624,0.0849775,0.0810082,0.0771561,0.0734225,0.0698081,0.0663133,0.0629384,0.0596832,0.0565472,0.0535297,0.0506297,0.0478459,0.0451769,0.0426211,0.0401766,0.0378414,0.0356135,0.0334904,0.0314699,0.0295495,0.0277266,0.0259986,0.0243629,0.0228169,0.0213578,0.0199831,0.0186899,0.0174758,0.0163381,0.0152744,0.0142821,0.0133591,0.0125029,0.0117114,0.0109827,0.0103149,0.00970628,0.00915524,0.00866044,0.00822066,0.00783481,0.00750189,0.00722078,0.00698997,0.00680709,0.00666791,0.00656481
1.02,0.00695888,0.0068563,0.00680163,0.0067947,0.00683553,0.00692428,0.00706125,0.00724691,0.0074819,0.00776699,0.00810311,0.00849132,0.00893286,0.00942907,0.00998146,0.0105916,0.0112614,0.0119926,0.0127872,0.0136472,0.014575,0.0155728,0.016643,0.0177879,0.0190101,0.0203121,0.0216965,0.023166,0.0247231,0.0263705,0.0281108,0.0299466,0.0318804,0.0339146,0.0360518,0.0382941,0.0406438,0.0431029,0.0456733,0.0483568,0.051155,0.0540691,0.0571004,0.0602497,0.0635176,0.0669045,0.0704104,0.0740352,0.0777781,0.0816383,0.0856145,0.0897051,0.0939078,0.0982204,0.10264,0.107163,0.111786,0.116506,0.121316,0.126213,0.13119,0.136243,0.141364,0.146547,0.151785,0.15707,0.162394,0.16775,0.173128,0.178519,0.183914,0.189303,0.194677,0.200025,0.205337,0.210602,0.21581,0.22095,0.226011,0.230981,0.235851,0.24061,0.245245,0.249748,0.254107,0.258312,0.262352,0.266219,0.269903,0.273393,0.276683,0.279763,0.282626,0.285264,0.28767,0.289839,0.291765,0.293442,0.294866,0.296034,0.296942,0.297588,0.297971,0.298089,0.297942,0.29753,0.296855,0.295919,0.294723,0.293272,0.291568,0.289618,0.287424,0.284994,0.282334,0.279451,0.276351,0.273043,0.269536,0.265838,0.261957,0.257905,0.25369,0.249323,0.244813,0.240172,0.235411,0.230539,0.225568,0.220509,0.215372,0.210169,0.20491,0.199605,0.194266,0.188902,0.183524,0.178141,0.172763,0.167399,0.162059,0.15675,0.151481,0.146259,0.141093,0.13599,0.130955,0.125995,0.121116,0.116324,0.111623,0.107017,0.102511,0.0981082,0.0938121,0.0896254,0.0855504,0.0815892,0.0777433,0.0740141,0.0704023,0.0669086,0.0635332,0.060276,0.0571367,0.0541145,0.0512086,0.0484179,0.045741,0.0431763,0.0407221,0.0383765,0.0361374,0.0340028,0.0319702,0.0300373,0.0282016,0.0264606,0.0248118,0.0232526,0.0217804,0.0203925,0.0190864,0.0178596,0.0167095,0.0156337,0.0146299,0.0136957,0.0128289,0.0120275,0.0112895,0.0106131,0.00999659,0.00943823,0.00893643,0.00848946,0.00809522,0.0077509,0.00745218,0.00719208,0.00695888
1.03,0.00755775,0.00735516,0.00720201,0.00709784,0.00704235,0.00703539,0.00707696,0.00716722,0.00730647,0.00749519,0.00773399,0.00802363,0.00836503,0.00875924,0.00920748,0.00971106,0.0102715,0.0108903,0.0115693,0.0123103,0.0131152,0.0139861,0.0149252,0.0159347,0.0170168,0.0181741,0.0194088,0.0207236,0.022121,0.0236034,0.0251735,0.0268338,0.0285868,0.030435,0.032381,0.0344271,0.0365755,0.0388286,0.0411884,0.0436569,0.0462359,0.048927,0.0517318,0.0546514,0.057687,0.0608393,0.0641088,0.0674959,0.0710004,0.0746222,0.0783604,0.0822141,0.086182,0.0902622,0.0944528,0.0987511,0.103154,0.107659,0.112262,0.116958,0.121744,0.126613,0.131562,0.136583,0.141671,0.146818,0.152019,0.157265,0.162548,0.16786,0.173193,0.178538,0.183885,0.189225,0.194549,0.199846,0.205105,0.210317,0.215472,0.220558,0.225564,0.230481,0.235297,0.240002,0.244585,0.249035,0.253343,0.257498,0.26149,0.26531,0.268948,0.272395,0.275644,0.278685,0.281511,0.284115,0.286491,0.288632,0.290532,0.292187,0.293593,0.294745,0.295641,0.296279,0.296657,0.296773,0.296628,0.296221,0.295555,0.294631,0.293451,0.292019,0.290337,0.288412,0.286246,0.283848,0.281221,0.278374,0.275314,0.272047,0.268583,0.26493,0.261097,0.257093,0.252928,0.248611,0.244154,0.239566,0.234858,0.23004,0.225123,0.220117,0.215034,0.209884,0.204678,0.199425,0.194137,0.188823,0.183494,0.178159,0.172827,0.167508,0.16221,0.156942,0.151712,0.146528,0.141397,0.136327,0.131323,0.126393,0.121541,0.116773,0.112094,0.107509,0.103021,0.0986348,0.094353,0.0901785,0.0861138,0.0821609,0.0783216,0.0745971,0.0709884,0.0674962,0.0641207,0.0608619,0.0577197,0.0546933,0.051782,0.0489848,0.0463004,0.0437273,0.0412639,0.0389083,0.0366586,0.0345127,0.0324685,0.0305235,0.0286755,0.0269219,0.0252604,0.0236884,0.0222033,0.0208027,0.019484,0.0182449,0.0170827,0.0159952,0.01498,0.0140349,0.0131577,0.0123464,0.0115989,0.010913,0.0102868,0.00971766,0.00920261,0.00873743,0.00831584,0.00792797,0.00755775
1.04,0.00837448,0.00806651,0.00781007,0.00760441,0.00744894,0.00734322,0.00728693,0.00727993,0.00732223,0.00741399,0.00755549,0.00774722,0.00798977,0.0082839,0.0086305,0.00903062,0.00948545,0.00999629,0.0105646,0.0111919,0.01188,0.0126306,0.0134457,0.0143272,0.0152774,0.0162983,0.0173922,0.0185615,0.0198086,0.0211358,0.0225457,0.0240408,0.0256234,0.0272962,0.0290616,0.030922,0.0328797,0.0349371,0.0370965,0.0393599,0.0417293,0.0442067,0.0467938,0.0494921,0.052303,0.0552277,0.0582672,0.061422,0.0646928,0.0680796,0.0715824,0.0752007,0.0789339,0.0827807,0.0867399,0.0908096,0.0949877,0.0992715,0.103658,0.108145,0.112727,0.1174,0.122161,0.127003,0.131923,0.136913,0.141967,0.14708,0.152243,0.15745,0.162692,0.167962,0.173251,0.17855,0.18385,0.189142,0.194416,0.199662,0.20487,0.21003,0.215132,0.220165,0.225118,0.229982,0.234745,0.239397,0.243928,0.248327,0.252585,0.256691,0.260635,0.264409,0.268003,0.271408,0.274616,0.277619,0.28041,0.282981,0.285326,0.287439,0.289315,0.290949,0.292336,0.293473,0.294358,0.294987,0.295359,0.295474,0.295331,0.29493,0.294272,0.29336,0.292195,0.290781,0.289121,0.28722,0.285083,0.282715,0.280121,0.27731,0.274287,0.271061,0.26764,0.264031,0.260244,0.256287,0.252171,0.247905,0.243499,0.238963,0.234307,0.229542,0.224678,0.219725,0.214695,0.209597,0.204443,0.199241,0.194004,0.188739,0.183458,0.17817,0.172883,0.167608,0.162352,0.157125,0.151934,0.146787,0.141691,0.136654,0.131681,0.126779,0.121954,0.117211,0.112555,0.10799,0.103521,0.0991513,0.0948839,0.0907219,0.0866677,0.0827235,0.078891,0.0751717,0.0715664,0.068076,0.0647009,0.061441,0.0582962,0.0552661,0.0523499,0.0495467,0.0468552,0.0442741,0.0418019,0.0394368,0.0371769,0.0350203,0.0329648,0.0310081,0.0291481,0.0273824,0.0257085,0.0241241,0.0226266,0.0212136,0.0198827,0.0186314,0.0174574,0.0163584,0.0153319,0.0143757,0.0134874,0.0126648,0.0119049,0.0112048,0.0105604,0.00996615,0.00941363,0.00888994,0.00837448
1.05,0.00942385,0.00900418,0.00863864,0.00832622,0.00806604,0.00785737,0.00769963,0.00759237,0.0075353,0.00752827,0.0075713,0.00766452,0.00780826,0.00800295,0.00824919,0.00854773,0.00889946,0.0093054,0.0097667,0.0102847,0.0108607,0.0114964,0.0121934,0.0129535,0.0137785,0.0146705,0.0156314,0.0166635,0.0177689,0.01895,0.0202091,0.0215485,0.0229707,0.024478,0.0260729,0.0277579,0.0295352,0.0314073,0.0333764,0.0354448,0.0376146,0.0398879,0.0422666,0.0447525,0.0473472,0.0500522,0.0528688,0.0557981,0.058841,0.061998,0.0652695,0.0686557,0.0721563,0.0757709,0.0794986,0.0833383,0.0872885,0.0913474,0.0955127,0.0997819,0.104152,0.10862,0.113181,0.117832,0.122567,0.127383,0.132274,0.137233,0.142254,0.147332,0.152458,0.157626,0.162828,0.168056,0.173301,0.178555,0.183809,0.189053,0.194278,0.199474,0.204631,0.20974,0.21479,0.219771,0.224672,0.229484,0.234195,0.238796,0.243275,0.247624,0.251833,0.25589,0.259788,0.263517,0.267067,0.270431,0.273599,0.276565,0.279321,0.28186,0.284175,0.286261,0.288113,0.289726,0.291095,0.292218,0.293091,0.293712,0.294079,0.294192,0.294051,0.293655,0.293006,0.292105,0.290955,0.289559,0.287921,0.286044,0.283934,0.281595,0.279034,0.276258,0.273273,0.270086,0.266706,0.26314,0.259398,0.255489,0.251421,0.247204,0.242848,0.238362,0.233758,0.229044,0.224232,0.219332,0.214354,0.209308,0.204204,0.199053,0.193865,0.188649,0.183416,0.178173,0.172932,0.1677,0.162487,0.157299,0.152147,0.147036,0.141975,0.136971,0.132029,0.127156,0.122358,0.117639,0.113006,0.108462,0.104011,0.0996578,0.0954051,0.0912557,0.0872123,0.0832771,0.0794518,0.0757379,0.0721365,0.0686483,0.0652738,0.0620133,0.0588665,0.055833,0.0529123,0.0501035,0.0474054,0.0448168,0.0423362,0.039962,0.0376923,0.0355254,0.033459,0.0314912,0.0296196,0.0278421,0.0261562,0.0245596,0.02305,0.0216249,0.020282,0.0190188,0.0178328,0.0167217,0.0156829,0.0147136,0.0138106,0.0129702,0.0121873,0.0114549,0.0107625,0.010094,0.00942385
1.06,0.0107221,0.0101836,0.00970225,0.00927685,0.00890625,0.00858946,0.00832561,0.00811398,0.007954,0.00784524,0.0077874,0.00778035,0.00782409,0.00791877,0.00806469,0.0082623,0.00851219,0.00881508,0.00917184,0.0095835,0.0100512,0.0105762,0.0111598,0.0118037,0.0125095,0.0132788,0.0141136,0.0150158,0.0159873,0.0170303,0.018147,0.0193396,0.0206104,0.0219617,0.0233958,0.0249151,0.0265219,0.0282186,0.0300075,0.0318909,0.033871,0.03595,0.0381298,0.0404126,0.0428001,0.045294,0.047896,0.0506073,0.0534292,0.0563627,0.0594085,0.0625672,0.0658391,0.0692243,0.0727224,0.0763328,0.0800547,0.083887,0.0878279,0.0918758,0.0960281,0.100282,0.104636,0.109084,0.113625,0.118253,0.122964,0.127753,0.132614,0.137543,0.142531,0.147574,0.152664,0.157794,0.162956,0.168142,0.173344,0.178553,0.183761,0.188958,0.194135,0.199282,0.20439,0.209448,0.214447,0.219377,0.224227,0.228987,0.233647,0.238197,0.242626,0.246926,0.251086,0.255097,0.258949,0.262633,0.266141,0.269463,0.272593,0.275523,0.278244,0.280751,0.283038,0.285098,0.286926,0.288518,0.28987,0.290978,0.29184,0.292453,0.292816,0.292927,0.292787,0.292396,0.291756,0.290866,0.289731,0.288353,0.286735,0.284882,0.282798,0.280488,0.27796,0.275217,0.272269,0.269121,0.265781,0.262259,0.258561,0.254697,0.250676,0.246507,0.2422,0.237765,0.233211,0.228548,0.223787,0.218938,0.214011,0.209016,0.203962,0.198861,0.193722,0.188554,0.183367,0.178171,0.172974,0.167785,0.162612,0.157465,0.152351,0.147277,0.14225,0.137278,0.132367,0.127522,0.122751,0.118057,0.113446,0.108923,0.104491,0.100155,0.0959166,0.0917802,0.0877478,0.0838218,0.080004,0.0762959,0.0726986,0.069213,0.0658397,0.0625788,0.0594303,0.056394,0.0534692,0.0506552,0.0479509,0.0453552,0.0428667,0.0404838,0.0382049,0.036028,0.0339512,0.0319725,0.0300898,0.0283007,0.0266032,0.0249948,0.0234733,0.0220361,0.0206808,0.0194049,0.0182055,0.0170797,0.0160238,0.0150333,0.0141023,0.0132222,0.0123804,0.0115572,0.0107221
1.07,0.0122864,0.0116213,0.0110168,0.0104714,0.00998384,0.00955282,0.00917726,0.00885617,0.00858871,0.00837417,0.008212,0.00810176,0.00804318,0.0080361,0.00808055,0.00817667,0.00832475,0.00852523,0.0087787,0.00908586,0.00944758,0.00986486,0.0103388,0.0108707,0.0114618,0.0121138,0.0128281,0.0136066,0.0144509,0.015363,0.0163449,0.0173987,0.0185264,0.0197302,0.0210124,0.0223752,0.0238209,0.0253518,0.0269702,0.0286784,0.0304785,0.0323728,0.0343635,0.0364526,0.0386422,0.040934,0.0433299,0.0458314,0.0484402,0.0511573,0.0539841,0.0569213,0.0599697,0.0631298,0.0664017,0.0697854,0.0732806,0.0768866,0.0806024,0.0844269,0.0883583,0.0923948,0.0965341,0.100773,0.10511,0.109539,0.114059,0.118664,0.12335,0.128113,0.132945,0.137843,0.142799,0.147808,0.152861,0.157953,0.163076,0.16822,0.17338,0.178545,0.183707,0.188858,0.193987,0.199086,0.204145,0.209153,0.214102,0.218982,0.223781,0.228491,0.233101,0.237601,0.241981,0.246233,0.250345,0.25431,0.258117,0.261758,0.265224,0.268506,0.271598,0.274492,0.27718,0.279656,0.281914,0.283948,0.285754,0.287326,0.28866,0.289754,0.290605,0.29121,0.291568,0.291678,0.29154,0.291154,0.290521,0.289643,0.288522,0.287161,0.285564,0.283734,0.281676,0.279395,0.276897,0.274188,0.271276,0.268166,0.264866,0.261385,0.257731,0.253912,0.249937,0.245815,0.241557,0.23717,0.232666,0.228053,0.223343,0.218544,0.213667,0.208722,0.203718,0.198665,0.193574,0.188453,0.183313,0.178161,0.173008,0.167862,0.16273,0.157622,0.152546,0.147508,0.142515,0.137575,0.132695,0.127879,0.123134,0.118465,0.113877,0.109374,0.104961,0.100642,0.0964187,0.0922954,0.0882743,0.0843578,0.0805478,0.0768458,0.073253,0.0697704,0.0663985,0.0631377,0.0599879,0.0569491,0.0540206,0.0512019,0.0484919,0.0458895,0.0433935,0.0410023,0.0387144,0.036528,0.0344412,0.032452,0.0305584,0.0287581,0.027049,0.0254287,0.0238947,0.0224444,0.0210748,0.0197828,0.0185642,0.017414,0.016325,0.0152873,0.0142859,0.0132976,0.0122864
1.08,0.0141347,0.0133348,0.0125991,0.0119262,0.0113144,0.0107623,0.0102686,0.00983203,0.00945159,0.00912628,0.00885528,0.00863789,0.00847356,0.00836188,0.00830256,0.00829547,0.00834062,0.00843815,0.00858835,0.00879166,0.00904865,0.00936002,0.00972662,0.0101494,0.0106295,0.0111681,0.0117666,0.0124265,0.0131492,0.0139366,0.0147903,0.0157122,0.0167042,0.0177684,0.0189069,0.0201217,0.021415,0.0227891,0.0242461,0.0257883,0.0274179,0.0291371,0.0309481,0.032853,0.0348539,0.0369528,0.0391516,0.041452,0.0438559,0.0463647,0.0489797,0.0517024,0.0545335,0.0574741,0.0605247,0.0636857,0.0669573,0.0703392,0.0738311,0.0774323,0.0811418,0.0849582,0.0888798,0.0929048,0.0970307,0.101255,0.105574,0.109985,0.114484,0.119066,0.123727,0.128463,0.133267,0.138134,0.143058,0.148032,0.15305,0.158104,0.163187,0.168292,0.173409,0.178531,0.183648,0.188753,0.193836,0.198887,0.203897,0.208857,0.213756,0.218586,0.223336,0.227996,0.232556,0.237008,0.24134,0.245544,0.24961,0.253529,0.257292,0.26089,0.264315,0.267559,0.270614,0.273473,0.276128,0.278574,0.280804,0.282813,0.284595,0.286148,0.287466,0.288546,0.289386,0.289983,0.290336,0.290445,0.290308,0.289927,0.289302,0.288435,0.287328,0.285984,0.284407,0.282599,0.280567,0.278314,0.275847,0.273171,0.270293,0.26722,0.26396,0.26052,0.256908,0.253133,0.249203,0.245128,0.240917,0.236579,0.232123,0.22756,0.222899,0.218149,0.213322,0.208425,0.20347,0.198466,0.193422,0.188348,0.183253,0.178146,0.173036,0.167931,0.162841,0.157772,0.152732,0.14773,0.142771,0.137864,0.133013,0.128226,0.123508,0.118863,0.114298,0.109816,0.105422,0.101119,0.0969115,0.0928015,0.088792,0.0848852,0.0810833,0.0773876,0.0737997,0.0703203,0.0669503,0.0636899,0.0605393,0.0574983,0.0545666,0.0517435,0.0490282,0.0464195,0.0439164,0.0415174,0.0392209,0.0370253,0.0349287,0.0329292,0.0310247,0.029213,0.0274916,0.0258581,0.0243092,0.0228416,0.0214508,0.0201311,0.0188744,0.0176691,0.0164978,0.0153336,0.0141347
1.09,0.0162854,0.0153419,0.0144668,0.0136582,0.0129144,0.0122337,0.0116148,0.0110561,0.0105563,0.0101144,0.00972917,0.00939973,0.00912525,0.00890507,0.00873863,0.00862553,0.00856549,0.00855839,0.00860423,0.00870315,0.00885545,0.00906154,0.00932199,0.00963749,0.0100089,0.0104371,0.0109232,0.0114685,0.0120742,0.0127418,0.0134728,0.0142689,0.0151317,0.0160632,0.0170651,0.0181396,0.0192885,0.020514,0.0218182,0.0232032,0.0246712,0.0262244,0.0278648,0.0295948,0.0314162,0.0333313,0.0353421,0.0374503,0.039658,0.0419667,0.0443781,0.0468937,0.0495147,0.0522424,0.0550776,0.0580211,0.0610735,0.0642351,0.0675059,0.0708857,0.074374,0.0779701,0.0816728,0.0854809,0.0893926,0.0934058,0.0975181,0.101727,0.106029,0.110421,0.114898,0.119458,0.124094,0.128803,0.133579,0.138416,0.143307,0.148248,0.15323,0.158247,0.163292,0.168356,0.173431,0.17851,0.183584,0.188643,0.19368,0.198684,0.203646,0.208558,0.213409,0.21819,0.222891,0.227502,0.232014,0.236418,0.240703,0.24486,0.248881,0.252755,0.256475,0.260031,0.263416,0.266622,0.26964,0.272464,0.275088,0.277503,0.279706,0.28169,0.283451,0.284984,0.286285,0.287352,0.288181,0.288771,0.28912,0.289227,0.289092,0.288716,0.288099,0.287242,0.286149,0.284822,0.283264,0.281478,0.279471,0.277245,0.274808,0.272164,0.269321,0.266285,0.263063,0.259663,0.256093,0.252361,0.248476,0.244446,0.240281,0.23599,0.231583,0.227068,0.222455,0.217754,0.212975,0.208127,0.20322,0.198263,0.193266,0.188238,0.183188,0.178125,0.173057,0.167994,0.162943,0.157913,0.152911,0.147943,0.143019,0.138143,0.133323,0.128564,0.123872,0.119252,0.114709,0.110249,0.105873,0.101588,0.0973952,0.0932987,0.0893009,0.0854042,0.0816105,0.0779216,0.0743387,0.070863,0.0674951,0.0642356,0.0610845,0.0580418,0.0551072,0.0522801,0.0495598,0.0469453,0.0444354,0.0420288,0.039724,0.0375193,0.0354129,0.0334027,0.0314865,0.0296616,0.0279251,0.0262733,0.0247013,0.0232029,0.0217689,0.0203861,0.0190346,0.0176836,0.0162854
1.1,0.0187563,0.0176607,0.0166376,0.0156849,0.0148009,0.0139839,0.013232,0.0125439,0.0119179,0.0113527,0.0108471,0.0103999,0.01001,0.00967645,0.00939857,0.00917564,0.00900714,0.00889265,0.00883191,0.0088248,0.00887132,0.00897161,0.00912597,0.00933479,0.00959864,0.0099182,0.0102943,0.0107278,0.0112199,0.0117717,0.0123844,0.0130596,0.0137987,0.0146033,0.0154751,0.0164159,0.0174276,0.018512,0.0196712,0.0209071,0.0222218,0.0236175,0.0250962,0.02666,0.028311,0.0300513,0.0318829,0.0338078,0.035828,0.0379453,0.0401614,0.0424779,0.0448965,0.0474185,0.0500451,0.0527774,0.0556163,0.0585624,0.0616162,0.064778,0.0680476,0.071425,0.0749094,0.0785,0.0821958,0.0859953,0.0898967,0.0938979,0.0979966,0.10219,0.106474,0.110847,0.115304,0.119841,0.124452,0.129135,0.133882,0.138689,0.143549,0.148455,0.153402,0.158383,0.163389,0.168413,0.173447,0.178484,0.183514,0.188529,0.19352,0.198477,0.203393,0.208257,0.213061,0.217794,0.222447,0.22701,0.231475,0.235831,0.240069,0.244181,0.248157,0.251988,0.255665,0.25918,0.262526,0.265694,0.268677,0.271467,0.274059,0.276445,0.278621,0.280581,0.28232,0.283834,0.28512,0.286173,0.286992,0.287574,0.287919,0.288025,0.287891,0.28752,0.28691,0.286064,0.284984,0.283673,0.282134,0.280371,0.278387,0.276189,0.273781,0.271169,0.268359,0.265359,0.262174,0.258814,0.255284,0.251595,0.247753,0.243769,0.239649,0.235405,0.231044,0.226577,0.222012,0.217359,0.212627,0.207827,0.202967,0.198057,0.193106,0.188123,0.183117,0.178097,0.173072,0.16805,0.163039,0.158047,0.153081,0.148149,0.143257,0.138413,0.133623,0.128892,0.124227,0.119632,0.115112,0.110672,0.106316,0.102047,0.09787,0.0937871,0.0898013,0.0859148,0.0821297,0.0784477,0.0748703,0.0713985,0.0680331,0.0647747,0.0616235,0.0585794,0.0556423,0.0528116,0.0500867,0.0474665,0.0449501,0.042536,0.0402227,0.0380084,0.035891,0.0338681,0.0319367,0.0300928,0.0283315,0.0266458,0.0250255,0.0234558,0.021914,0.0203656,0.0187563
1.11,0.0215647,0.0203086,0.019129,0.0180239,0.0169914,0.0160297,0.0151371,0.0143117,0.0135521,0.0128566,0.0122237,0.0116522,0.0111408,0.0106884,0.0102939,0.00995639,0.00967517,0.00944955,0.00927902,0.00916317,0.00910175,0.00909463,0.00914182,0.00924347,0.00939984,0.00961136,0.00987855,0.0102021,0.0105828,0.0110215,0.0115194,0.0120776,0.0126973,0.0133799,0.0141269,0.0149398,0.0158204,0.0167703,0.0177915,0.0188856,0.0200548,0.0213009,0.0226259,0.0240319,0.025521,0.0270951,0.0287563,0.0305066,0.032348,0.0342825,0.0363117,0.0384376,0.0406618,0.0429858,0.0454112,0.0479392,0.050571,0.0533075,0.0561497,0.059098,0.0621528,0.0653144,0.0685826,0.0719571,0.0754373,0.0790223,0.0827108,0.0865014,0.0903924,0.0943814,0.0984662,0.102644,0.106911,0.111264,0.1157,0.120214,0.124801,0.129457,0.134176,0.138953,0.143781,0.148655,0.153567,0.15851,0.163479,0.168463,0.173457,0.178452,0.183439,0.18841,0.193356,0.198268,0.203138,0.207955,0.212711,0.217397,0.222003,0.226519,0.230937,0.235247,0.23944,0.243507,0.247438,0.251226,0.254862,0.258337,0.261644,0.264775,0.267723,0.27048,0.273041,0.275399,0.277549,0.279485,0.281203,0.282699,0.283968,0.285009,0.285817,0.286393,0.286733,0.286837,0.286705,0.286338,0.285736,0.2849,0.283834,0.282539,0.281018,0.279276,0.277316,0.275144,0.272765,0.270184,0.267407,0.264442,0.261294,0.257972,0.254483,0.250835,0.247037,0.243096,0.239022,0.234823,0.230508,0.226087,0.221569,0.216963,0.212279,0.207525,0.202712,0.197848,0.192942,0.188004,0.183042,0.178065,0.173081,0.168099,0.163127,0.158173,0.153243,0.148346,0.143488,0.138675,0.133915,0.129212,0.124573,0.120002,0.115505,0.111086,0.106749,0.102498,0.098336,0.094267,0.0902932,0.0864171,0.0826409,0.0789661,0.0753944,0.0719269,0.0685643,0.0653074,0.0621563,0.0591112,0.0561719,0.0533378,0.0506083,0.0479826,0.0454592,0.0430369,0.0407138,0.0384875,0.0363551,0.0343127,0.0323549,0.0304741,0.0286593,0.0268939,0.0251526,0.0233964,0.0215647
1.12,0.024727,0.0233021,0.0219578,0.020692,0.0195028,0.0183883,0.0173467,0.0163763,0.0154752,0.0146417,0.0138744,0.0131717,0.0125321,0.0119544,0.0114374,0.0109798,0.0105808,0.0102395,0.00995498,0.00972673,0.00955421,0.00943703,0.00937495,0.00936783,0.00941568,0.00951865,0.00967702,0.00989117,0.0101616,0.0104891,0.0108743,0.0113182,0.0118218,0.0123862,0.0130126,0.0137025,0.0144572,0.0152784,0.0161675,0.0171264,0.0181567,0.0192604,0.0204393,0.0216953,0.0230303,0.0244464,0.0259455,0.0275296,0.0292007,0.0309608,0.0328116,0.0347551,0.0367931,0.0389272,0.0411591,0.0434902,0.045922,0.0484557,0.0510922,0.0538327,0.0566777,0.0596278,0.0626834,0.0658445,0.0691109,0.0724823,0.0759579,0.0795369,0.0832179,0.0869995,0.0908797,0.0948564,0.0989271,0.103089,0.107339,0.111673,0.116088,0.120579,0.125141,0.129771,0.134462,0.139209,0.144006,0.148846,0.153723,0.158631,0.163561,0.168507,0.173461,0.178414,0.183359,0.188286,0.193188,0.198055,0.20288,0.207651,0.212361,0.217,0.22156,0.22603,0.230402,0.234666,0.238814,0.242837,0.246725,0.250471,0.254066,0.257502,0.260771,0.263866,0.266779,0.269504,0.272035,0.274365,0.276489,0.278402,0.280099,0.281576,0.282831,0.283858,0.284657,0.285225,0.285561,0.285664,0.285534,0.285171,0.284576,0.283751,0.282697,0.281417,0.279915,0.278194,0.276258,0.274112,0.27176,0.26921,0.266465,0.263534,0.260423,0.257139,0.253689,0.250082,0.246326,0.242428,0.238397,0.234243,0.229974,0.225599,0.221127,0.216568,0.211929,0.207222,0.202454,0.197635,0.192774,0.18788,0.182961,0.178027,0.173084,0.168142,0.163209,0.158292,0.153398,0.148535,0.14371,0.138929,0.134198,0.129523,0.12491,0.120364,0.115889,0.111491,0.107173,0.102939,0.0987934,0.0947383,0.0907768,0.0869114,0.0831442,0.079477,0.0759112,0.0724482,0.0690887,0.0658335,0.0626829,0.0596369,0.0566954,0.0538578,0.0511234,0.0484911,0.0459593,0.0435259,0.0411882,0.0389421,0.036782,0.0346998,0.0326834,0.0307144,0.0287649,0.0267915,0.024727
1.13,0.0282574,0.0266564,0.0251396,0.0237052,0.0223513,0.0210761,0.0198776,0.018754,0.0177035,0.0167245,0.0158151,0.0149738,0.014199,0.0134892,0.0128431,0.0122593,0.0117367,0.0112742,0.0108708,0.0105256,0.0102379,0.0100071,0.00983265,0.00971417,0.00965144,0.00964432,0.00969283,0.0097971,0.00995742,0.0101742,0.0104478,0.0107791,0.0111688,0.0116177,0.0121268,0.0126974,0.0133304,0.0140274,0.0147897,0.0156189,0.0165164,0.017484,0.0185233,0.0196363,0.0208246,0.0220902,0.023435,0.0248609,0.0263697,0.0279635,0.0296442,0.0314136,0.0332735,0.0352258,0.0372721,0.0394142,0.0416534,0.0439912,0.0464291,0.048968,0.051609,0.0543529,0.0572005,0.0601521,0.063208,0.0663682,0.0696325,0.0730004,0.0764713,0.080044,0.0837172,0.0874895,0.0913588,0.095323,0.0993795,0.103525,0.107758,0.112073,0.116466,0.120934,0.125473,0.130076,0.134739,0.139456,0.144222,0.14903,0.153873,0.158744,0.163638,0.168545,0.173459,0.178371,0.183274,0.188159,0.193017,0.19784,0.202619,0.207346,0.21201,0.216604,0.221117,0.225542,0.229869,0.234088,0.238192,0.242171,0.246018,0.249722,0.253277,0.256674,0.259906,0.262966,0.265845,0.268539,0.27104,0.273342,0.275441,0.277331,0.279008,0.280467,0.281706,0.282722,0.283511,0.284072,0.284404,0.284505,0.284377,0.284018,0.28343,0.282615,0.281574,0.280309,0.278825,0.277124,0.275211,0.27309,0.270767,0.268246,0.265533,0.262636,0.25956,0.256313,0.252902,0.249335,0.24562,0.241764,0.237777,0.233667,0.229443,0.225113,0.220686,0.216172,0.211579,0.206917,0.202194,0.19742,0.192603,0.187753,0.182876,0.177983,0.173081,0.168179,0.163284,0.158404,0.153546,0.148717,0.143924,0.139174,0.134473,0.129825,0.125238,0.120716,0.116265,0.111887,0.107589,0.103372,0.0992423,0.0952013,0.0912523,0.0873977,0.0836397,0.0799802,0.0764207,0.0729623,0.0696062,0.0663528,0.0632025,0.0601554,0.0572112,0.054369,0.0516278,0.0489856,0.0464399,0.0439867,0.04162,0.0393314,0.0371076,0.0349285,0.0327634,0.0305644,0.0282574
1.14,0.0321685,0.0303845,0.0286883,0.0270781,0.0255521,0.0241084,0.0227453,0.0214608,0.0202532,0.0191208,0.0180617,0.0170743,0.0161568,0.0153078,0.0145257,0.0138091,0.0131565,0.0125668,0.0120388,0.0115714,0.0111637,0.0108148,0.010524,0.0102906,0.0101143,0.00999452,0.00993115,0.00992404,0.00997319,0.0100788,0.010241,0.0104603,0.0107371,0.0110722,0.0114662,0.01192,0.0124346,0.0130111,0.0136507,0.0143546,0.0151243,0.0159613,0.016867,0.017843,0.0188912,0.0200132,0.0212107,0.0224857,0.0238399,0.0252752,0.0267936,0.0283968,0.0300867,0.0318651,0.0337338,0.0356945,0.0377488,0.0398984,0.0421446,0.0444888,0.0469323,0.0494761,0.0521212,0.0548683,0.057718,0.0606707,0.0637266,0.0668857,0.0701476,0.0735118,0.0769775,0.0805436,0.0842089,0.0879717,0.0918299,0.0957814,0.0998236,0.103954,0.108168,0.112464,0.116836,0.121282,0.125795,0.130373,0.135008,0.139696,0.14443,0.149206,0.154015,0.158851,0.163708,0.168577,0.173451,0.178323,0.183185,0.188027,0.192843,0.197622,0.202357,0.207039,0.211658,0.216207,0.220676,0.225056,0.229338,0.233514,0.237574,0.241511,0.245315,0.248979,0.252495,0.255854,0.25905,0.262074,0.264921,0.267583,0.270055,0.272331,0.274405,0.276272,0.277929,0.279371,0.280596,0.281599,0.282378,0.282932,0.28326,0.283361,0.283233,0.282879,0.282298,0.281492,0.280464,0.279215,0.277748,0.276067,0.274176,0.27208,0.269784,0.267292,0.264611,0.261746,0.258705,0.255495,0.252122,0.248594,0.244919,0.241105,0.237161,0.233094,0.228913,0.224628,0.220246,0.215776,0.211228,0.206611,0.201933,0.197202,0.192429,0.187621,0.182787,0.177935,0.173073,0.16821,0.163353,0.158509,0.153686,0.148891,0.144131,0.139411,0.134739,0.13012,0.125558,0.121061,0.116632,0.112275,0.107996,0.103797,0.0996829,0.0956561,0.0917197,0.0878761,0.0841275,0.0804758,0.0769226,0.073469,0.070116,0.0668641,0.0637135,0.060664,0.0577147,0.0548642,0.05211,0.049448,0.0468725,0.044374,0.0419386,0.0395443,0.0371575,0.034726,0.0321685
1.15,0.0364697,0.0344973,0.0326157,0.0308233,0.0291184,0.0274993,0.0259644,0.0245117,0.0231395,0.0218462,0.0206298,0.0194887,0.0184212,0.0174256,0.0165003,0.0156438,0.0148545,0.0141312,0.0134724,0.0128769,0.0123436,0.0118714,0.0114595,0.0111069,0.010813,0.0105772,0.010399,0.010278,0.010214,0.0102069,0.0102567,0.0103635,0.0105276,0.0107494,0.0110294,0.0113681,0.0117663,0.012225,0.0127449,0.0133273,0.0139732,0.014684,0.0154609,0.0163055,0.0172191,0.0182035,0.0192602,0.020391,0.0215975,0.0228816,0.024245,0.0256895,0.027217,0.0288293,0.0305281,0.0323153,0.0341924,0.0361612,0.0382232,0.0403799,0.0426327,0.0449829,0.0474317,0.0499801,0.0526289,0.0553788,0.0582303,0.0611838,0.0642394,0.067397,0.0706561,0.0740163,0.0774766,0.081036,0.0846931,0.0884461,0.092293,0.0962317,0.100259,0.104373,0.10857,0.112846,0.117198,0.121621,0.12611,0.130661,0.135269,0.139927,0.144631,0.149374,0.15415,0.158951,0.163771,0.168603,0.173438,0.178271,0.183091,0.187892,0.192665,0.197401,0.202093,0.206731,0.211306,0.215811,0.220235,0.224571,0.22881,0.232942,0.23696,0.240855,0.244618,0.248243,0.251719,0.255041,0.258201,0.261192,0.264006,0.266638,0.269081,0.27133,0.27338,0.275226,0.276863,0.278288,0.279498,0.280489,0.281259,0.281807,0.28213,0.282229,0.282104,0.281754,0.28118,0.280383,0.279367,0.278132,0.276683,0.275022,0.273153,0.271081,0.268811,0.266348,0.263697,0.260866,0.257859,0.254684,0.251348,0.247859,0.244224,0.240451,0.236548,0.232524,0.228386,0.224144,0.219806,0.215381,0.210877,0.206304,0.201669,0.196982,0.192252,0.187486,0.182693,0.177882,0.17306,0.168235,0.163415,0.158608,0.15382,0.149058,0.14433,0.139641,0.134998,0.130406,0.12587,0.121397,0.11699,0.112655,0.108395,0.104214,0.100115,0.0961028,0.092179,0.0883465,0.0846073,0.0809634,0.0774163,0.0739669,0.0706162,0.0673643,0.0642108,0.0611545,0.0581933,0.0553233,0.0525384,0.0498287,0.0471793,0.0445665,0.0419538,0.0392843,0.0364697
1.16,0.0411678,0.0390027,0.0369309,0.034951,0.0330615,0.0312609,0.0295477,0.02792,0.0263764,0.024915,0.0235341,0.0222321,0.0210071,0.0198576,0.0187819,0.0177784,0.0168454,0.0159816,0.0151854,0.0144555,0.0137905,0.0131894,0.0126509,0.0121741,0.011758,0.0114019,0.011105,0.0108668,0.0106868,0.0105646,0.0105,0.0104929,0.0105433,0.0106514,0.0108173,0.0110415,0.0113245,0.0116669,0.0120693,0.0125326,0.0130578,0.0136459,0.014298,0.0150155,0.0157994,0.0166514,0.0175729,0.0185653,0.0196304,0.0207697,0.0219849,0.0232778,0.0246502,0.0261036,0.02764,0.0292611,0.0309685,0.032764,0.0346492,0.0366257,0.0386951,0.0408586,0.0431177,0.0454736,0.0479274,0.0504799,0.053132,0.0558844,0.0587375,0.0616914,0.0647464,0.0679021,0.0711583,0.0745141,0.0779688,0.0815212,0.0851698,0.0889129,0.0927484,0.0966741,0.100687,0.104785,0.108964,0.113221,0.117551,0.121951,0.126416,0.130942,0.135522,0.140151,0.144825,0.149536,0.154278,0.159044,0.163828,0.168623,0.17342,0.178213,0.182993,0.187753,0.192484,0.197178,0.201827,0.206421,0.210953,0.215414,0.219795,0.224088,0.228283,0.232373,0.236349,0.240203,0.243927,0.247512,0.250951,0.254236,0.257361,0.260318,0.2631,0.265702,0.268117,0.270341,0.272367,0.274191,0.275809,0.277217,0.278413,0.279392,0.280153,0.280694,0.281014,0.281112,0.280988,0.280641,0.280074,0.279287,0.278283,0.277063,0.27563,0.273988,0.272141,0.270093,0.267849,0.265414,0.262794,0.259994,0.25702,0.253881,0.250582,0.24713,0.243534,0.239801,0.23594,0.231957,0.227862,0.223662,0.219368,0.214986,0.210525,0.205995,0.201404,0.196759,0.192071,0.187347,0.182595,0.177824,0.173041,0.168254,0.163471,0.1587,0.153946,0.149218,0.144521,0.139863,0.135248,0.130684,0.126174,0.121725,0.117341,0.113026,0.108785,0.104622,0.100539,0.0965412,0.0926301,0.0888084,0.0850784,0.0814416,0.0778995,0.0744526,0.0711012,0.0678444,0.0646802,0.061605,0.0586124,0.0556922,0.0528285,0.0499957,0.0471547,0.0442439,0.0411678
1.17,0.0462658,0.0439052,0.0416398,0.0394684,0.0373898,0.0354028,0.0335058,0.0316973,0.029976,0.0283401,0.0267881,0.0253182,0.0239289,0.0226184,0.0213852,0.0202276,0.0191439,0.0181326,0.0171922,0.0163212,0.0155182,0.0147819,0.014111,0.0135043,0.0129608,0.0124794,0.0120594,0.0116997,0.0113999,0.0111594,0.0109776,0.0108542,0.010789,0.0107819,0.010833,0.0109422,0.01111,0.0113366,0.0116225,0.0119684,0.0123749,0.0128429,0.0133732,0.0139669,0.0146251,0.015349,0.0161398,0.0169991,0.0179281,0.0189284,0.0200016,0.0211492,0.0223729,0.0236744,0.0250554,0.0265175,0.0280625,0.029692,0.0314077,0.0332113,0.0351043,0.0370882,0.0391645,0.0413346,0.0435996,0.0459608,0.0484192,0.0509756,0.0536308,0.0563853,0.0592395,0.0621936,0.0652476,0.0684012,0.0716541,0.0750054,0.0784542,0.0819993,0.0856392,0.0893722,0.0931961,0.0971086,0.101107,0.105189,0.10935,0.113587,0.117896,0.122274,0.126715,0.131214,0.135767,0.140368,0.145011,0.14969,0.154399,0.159131,0.16388,0.168637,0.173397,0.178151,0.182891,0.187611,0.1923,0.196953,0.201559,0.206111,0.2106,0.215018,0.219356,0.223606,0.22776,0.231808,0.235743,0.239556,0.24324,0.246787,0.250189,0.253438,0.256528,0.259452,0.262204,0.264776,0.267164,0.269362,0.271364,0.273168,0.274767,0.276159,0.27734,0.278308,0.27906,0.279595,0.279911,0.280007,0.279885,0.279542,0.278982,0.278204,0.277211,0.276005,0.274589,0.272966,0.271141,0.269116,0.266897,0.26449,0.261899,0.25913,0.25619,0.253085,0.249821,0.246407,0.24285,0.239156,0.235335,0.231393,0.22734,0.223182,0.21893,0.214591,0.210173,0.205685,0.201136,0.196534,0.191888,0.187204,0.182493,0.177761,0.173017,0.168268,0.163522,0.158786,0.154066,0.149371,0.144706,0.140077,0.135492,0.130954,0.12647,0.122045,0.117683,0.113389,0.109167,0.105022,0.100955,0.0969709,0.0930719,0.0892604,0.0855382,0.0819065,0.078366,0.0749162,0.0715556,0.0682803,0.0650842,0.0619566,0.0588803,0.0558285,0.0527589,0.0496054,0.0462658
1.18,0.0517627,0.0492057,0.046745,0.0443797,0.0421089,0.0399316,0.0378466,0.0358527,0.0339485,0.0321325,0.0304034,0.0287595,0.0271994,0.0257214,0.0243239,0.0230053,0.021764,0.0205984,0.019507,0.0184881,0.0175405,0.0166625,0.0158529,0.0151104,0.0144336,0.0138216,0.0132731,0.0127873,0.0123633,0.0120003,0.0116977,0.0114548,0.0112712,0.0111467,0.011081,0.0110739,0.0111256,0.011236,0.0114055,0.0116345,0.0119233,0.0122727,0.0126832,0.0131556,0.0136909,0.0142901,0.0149542,0.0156844,0.016482,0.0173483,0.0182848,0.0192927,0.0203738,0.0215295,0.0227615,0.0240713,0.0254606,0.0269311,0.0284844,0.0301221,0.0318458,0.0336571,0.0355576,0.0375486,0.0396316,0.0418078,0.0440784,0.0464446,0.0489073,0.0514672,0.054125,0.0568814,0.0597364,0.0626904,0.0657431,0.0688944,0.0721436,0.0754901,0.0789327,0.0824704,0.0861014,0.0898241,0.0936362,0.0975355,0.101519,0.105584,0.109728,0.113945,0.118234,0.122589,0.127006,0.131479,0.136005,0.140577,0.14519,0.149838,0.154514,0.159212,0.163925,0.168647,0.173369,0.178084,0.182785,0.187465,0.192114,0.196725,0.201289,0.205799,0.210247,0.214622,0.218918,0.223127,0.227238,0.231245,0.23514,0.238914,0.242559,0.246068,0.249433,0.252647,0.255703,0.258595,0.261316,0.263859,0.26622,0.268393,0.270373,0.272156,0.273737,0.275112,0.27628,0.277236,0.27798,0.278508,0.27882,0.278916,0.278794,0.278456,0.277902,0.277133,0.276152,0.27496,0.27356,0.271956,0.270151,0.268149,0.265956,0.263575,0.261013,0.258275,0.255367,0.252296,0.249068,0.24569,0.24217,0.238516,0.234734,0.230832,0.22682,0.222704,0.218493,0.214196,0.20982,0.205375,0.200868,0.196307,0.191701,0.187059,0.182387,0.177694,0.172988,0.168277,0.163567,0.158865,0.15418,0.149517,0.144883,0.140285,0.135727,0.131217,0.126758,0.122357,0.118017,0.113744,0.109541,0.105412,0.101361,0.0973901,0.0935019,0.0896981,0.08598,0.0823475,0.0787992,0.0753318,0.0719387,0.0686089,0.0653245,0.0620567,0.0587606,0.0553657,0.0517627
1.19,0.0576535,0.0549011,0.0522451,0.0496852,0.0472207,0.044851,0.0425752,0.0403923,0.0383012,0.0363008,0.0343896,0.0325664,0.0308298,0.0291783,0.0276103,0.0261244,0.024719,0.0233925,0.0221434,0.0209701,0.0198711,0.018845,0.0178903,0.0170055,0.0161895,0.0154409,0.0147584,0.0141411,0.0135879,0.0130978,0.0126699,0.0123036,0.0119981,0.011753,0.0115678,0.0114421,0.0113758,0.0113688,0.011421,0.0115327,0.0117039,0.0119352,0.0122269,0.0125796,0.012994,0.0134708,0.014011,0.0146155,0.0152854,0.0160218,0.016826,0.0176992,0.0186428,0.0196582,0.020747,0.0219105,0.0231505,0.0244684,0.0258658,0.0273444,0.0289057,0.0305512,0.0322827,0.0341015,0.0360091,0.0380068,0.0400962,0.0422782,0.0445541,0.0469249,0.0493915,0.0519547,0.0546149,0.0573727,0.0602283,0.0631818,0.066233,0.0693815,0.0726269,0.0759683,0.0794046,0.0829346,0.0865566,0.0902687,0.094069,0.0979548,0.101924,0.105972,0.110098,0.114296,0.118564,0.122896,0.127289,0.131737,0.136236,0.140779,0.145363,0.149979,0.154623,0.159287,0.163965,0.168651,0.173336,0.178013,0.182676,0.187315,0.191924,0.196495,0.201018,0.205487,0.209893,0.214227,0.218482,0.222648,0.226719,0.230686,0.234541,0.238276,0.241883,0.245354,0.248684,0.251863,0.254886,0.257746,0.260437,0.262952,0.265287,0.267435,0.269393,0.271155,0.272718,0.274078,0.275232,0.276177,0.276912,0.277434,0.277743,0.277837,0.277717,0.277382,0.276835,0.276075,0.275104,0.273926,0.272542,0.270956,0.269172,0.267193,0.265024,0.26267,0.260136,0.257428,0.254552,0.251514,0.24832,0.244979,0.241496,0.237879,0.234136,0.230275,0.226302,0.222228,0.218058,0.213802,0.209468,0.205063,0.200597,0.196078,0.191512,0.18691,0.182277,0.177623,0.172955,0.16828,0.163606,0.158939,0.154287,0.149657,0.145054,0.140485,0.135956,0.131472,0.127038,0.122661,0.118343,0.11409,0.109905,0.105793,0.101755,0.0977943,0.0939126,0.0901101,0.0863858,0.0827364,0.0791555,0.0756314,0.0721455,0.0686674,0.0651494,0.0615168,0.0576535
1.2,0.0639286,0.0609838,0.0581346,0.0553813,0.0527234,0.0501609,0.047693,0.0453192,0.0430387,0.0408505,0.0387536,0.0367469,0.0348291,0.032999,0.0312552,0.0295963,0.0280208,0.0265273,0.0251142,0.02378,0.0225233,0.0213426,0.0202363,0.0192031,0.0182415,0.0173501,0.0165278,0.0157733,0.0150853,0.0144629,0.013905,0.0134106,0.012979,0.0126095,0.0123013,0.012054,0.0118671,0.0117404,0.0116735,0.0116665,0.0117194,0.0118321,0.0120051,0.0122386,0.012533,0.012889,0.0133072,0.0137884,0.0143334,0.0149431,0.0156186,0.016361,0.0171716,0.0180515,0.0190021,0.0200248,0.021121,0.0222922,0.0235399,0.0248656,0.0262709,0.0277573,0.0293263,0.0309795,0.0327183,0.0345442,0.0364587,0.0384629,0.0405582,0.0427458,0.0450267,0.0474018,0.0498721,0.0524381,0.0551004,0.0578593,0.0607152,0.0636679,0.0667172,0.0698629,0.0731042,0.0764402,0.0798699,0.083392,0.0870047,0.0907062,0.0944944,0.0983668,0.102321,0.106353,0.11046,0.114639,0.118886,0.123196,0.127564,0.131987,0.136459,0.140975,0.145528,0.150114,0.154725,0.159356,0.164,0.16865,0.173298,0.177938,0.182563,0.187163,0.191733,0.196263,0.200746,0.205174,0.209539,0.213832,0.218046,0.222172,0.226203,0.23013,0.233946,0.237642,0.241212,0.244647,0.247941,0.251086,0.254077,0.256906,0.259567,0.262054,0.264363,0.266487,0.268423,0.270165,0.27171,0.273055,0.274195,0.27513,0.275856,0.276372,0.276678,0.276771,0.276652,0.276321,0.27578,0.275028,0.274069,0.272904,0.271536,0.269968,0.268203,0.266246,0.264101,0.261773,0.259267,0.256589,0.253744,0.250739,0.247579,0.244273,0.240827,0.237247,0.233543,0.22972,0.225788,0.221753,0.217624,0.213408,0.209115,0.204751,0.200326,0.195846,0.191321,0.186758,0.182164,0.177548,0.172917,0.168278,0.16364,0.159007,0.154389,0.14979,0.145218,0.140678,0.136177,0.131719,0.12731,0.122956,0.118659,0.114425,0.110257,0.106157,0.102128,0.0981711,0.0942848,0.0904663,0.086709,0.0830012,0.0793231,0.0756429,0.0719102,0.0680462,0.0639286
1.21,0.0705739,0.0674417,0.0644036,0.06146,0.0586111,0.055857,0.0531977,0.0506328,0.0481618,0.0457842,0.0434993,0.0413061,0.0392038,0.0371911,0.035267,0.0334303,0.0316796,0.0300136,0.0284308,0.0269299,0.0255094,0.0241679,0.0229038,0.0217158,0.0206024,0.0195623,0.018594,0.0176963,0.0168679,0.0161076,0.0154142,0.0147868,0.0142243,0.0137258,0.0132906,0.0129179,0.0126071,0.0123576,0.0121692,0.0120414,0.011974,0.011967,0.0120204,0.0121343,0.0123089,0.0125446,0.0128418,0.013201,0.0136229,0.0141083,0.0146579,0.0152727,0.0159537,0.016702,0.0175188,0.0184052,0.0193627,0.0203924,0.0214959,0.0226745,0.0239297,0.025263,0.0266758,0.0281698,0.0297462,0.0314067,0.0331527,0.0349855,0.0369064,0.0389168,0.0410178,0.0432106,0.0454961,0.0478753,0.0503488,0.0529174,0.0555814,0.0583413,0.0611971,0.0641487,0.067196,0.0703384,0.0735754,0.0769059,0.0803288,0.0838427,0.087446,0.0911367,0.0949127,0.0987715,0.10271,0.106726,0.110815,0.114975,0.1192,0.123488,0.127833,0.132231,0.136676,0.141163,0.145687,0.150242,0.154822,0.15942,0.164029,0.168644,0.173256,0.177859,0.182446,0.187008,0.191538,0.196029,0.200472,0.20486,0.209184,0.213438,0.217611,0.221698,0.225689,0.229577,0.233354,0.237013,0.240545,0.243945,0.247204,0.250316,0.253275,0.256073,0.258705,0.261165,0.263449,0.265549,0.267463,0.269186,0.270714,0.272043,0.273171,0.274095,0.274813,0.275323,0.275624,0.275716,0.275599,0.275272,0.274736,0.273994,0.273045,0.271893,0.27054,0.26899,0.267245,0.26531,0.263189,0.260886,0.258408,0.255758,0.252944,0.249971,0.246845,0.243573,0.240162,0.23662,0.232953,0.229169,0.225275,0.22128,0.21719,0.213015,0.208762,0.204438,0.200053,0.195613,0.191127,0.186603,0.182047,0.177469,0.172875,0.168272,0.163668,0.15907,0.154484,0.149917,0.145375,0.140864,0.13639,0.131958,0.127573,0.12324,0.118962,0.114744,0.110587,0.106493,0.102461,0.0984884,0.094569,0.0906903,0.0868318,0.0829603,0.0790228,0.0749368,0.0705739
1.22,0.0775704,0.0742583,0.0710376,0.067909,0.0648734,0.0619313,0.0590829,0.0563285,0.0536679,0.0511009,0.0486272,0.0462461,0.0439571,0.0417592,0.0396517,0.0376334,0.0357033,0.0338602,0.0321029,0.03043,0.0288403,0.0273323,0.0259046,0.0245559,0.0232848,0.0220898,0.0209695,0.0199226,0.0189479,0.018044,0.0172096,0.0164437,0.0157451,0.0151128,0.0145459,0.0140434,0.0136046,0.0132288,0.0129154,0.0126639,0.0124739,0.012345,0.0122772,0.0122702,0.0123242,0.0124392,0.0126154,0.0128532,0.0131531,0.0135155,0.013941,0.0144305,0.0149846,0.0156044,0.0162907,0.0170448,0.0178676,0.0187604,0.0197244,0.020761,0.0218715,0.0230572,0.0243197,0.0256604,0.0270806,0.0285818,0.0301655,0.031833,0.0335858,0.0354251,0.0373523,0.0393685,0.0414749,0.0436726,0.0459625,0.0483453,0.0508219,0.0533927,0.0560582,0.0588186,0.061674,0.0646244,0.0676693,0.0708083,0.0740406,0.0773653,0.0807812,0.0842868,0.0878805,0.0915603,0.095324,0.099169,0.103093,0.107092,0.111163,0.115303,0.119508,0.123773,0.128094,0.132467,0.136886,0.141345,0.14584,0.150365,0.154913,0.159478,0.164054,0.168633,0.17321,0.177777,0.182326,0.18685,0.191342,0.195793,0.200197,0.204545,0.20883,0.213044,0.217178,0.221225,0.225177,0.229027,0.232766,0.236388,0.239884,0.243249,0.246474,0.249553,0.25248,0.255248,0.257852,0.260285,0.262543,0.264621,0.266514,0.268217,0.269728,0.271042,0.272158,0.273071,0.273781,0.274285,0.274583,0.274674,0.274558,0.274235,0.273705,0.272971,0.272033,0.270894,0.269556,0.268022,0.266297,0.264383,0.262285,0.260008,0.257556,0.254935,0.252151,0.249209,0.246116,0.242879,0.239503,0.235997,0.232367,0.22862,0.224765,0.220808,0.216758,0.212622,0.208409,0.204125,0.199779,0.195378,0.190931,0.186445,0.181927,0.177386,0.172828,0.168261,0.163691,0.159127,0.154573,0.150037,0.145524,0.141042,0.136594,0.132186,0.127822,0.123507,0.119243,0.115032,0.110874,0.106765,0.1027,0.098666,0.0946415,0.0905921,0.0864625,0.0821666,0.0775704
1.23,0.0848943,0.0814121,0.0780173,0.0747114,0.0714956,0.0683709,0.0653381,0.0623977,0.0595502,0.0567956,0.0541341,0.0515653,0.0490891,0.0467048,0.044412,0.0422097,0.0400973,0.0380737,0.0361379,0.0342887,0.0325251,0.0308457,0.0292492,0.0277343,0.0262998,0.0249442,0.0236661,0.0224643,0.0213374,0.0202841,0.019303,0.018393,0.0175529,0.0167815,0.0160779,0.0154408,0.0148696,0.0143632,0.0139209,0.0135422,0.0132262,0.0129727,0.0127812,0.0126513,0.012583,0.0125761,0.0126306,0.0127466,0.0129245,0.0131644,0.0134668,0.0138323,0.0142614,0.0147548,0.0153134,0.015938,0.0166295,0.0173891,0.0182178,0.0191168,0.0200873,0.0211305,0.0222478,0.0234405,0.0247101,0.0260578,0.0274851,0.0289933,0.0305839,0.0322582,0.0340175,0.0358631,0.0377962,0.039818,0.0419295,0.0441318,0.0464257,0.0488119,0.0512912,0.053864,0.0565306,0.0592913,0.0621461,0.0650949,0.0681372,0.0712724,0.0744999,0.0778186,0.0812273,0.0847245,0.0883084,0.0919771,0.0957283,0.0995595,0.103468,0.107451,0.111504,0.115625,0.119808,0.124051,0.128349,0.132696,0.137089,0.141521,0.145987,0.150481,0.154998,0.159531,0.164073,0.168618,0.17316,0.17769,0.182202,0.186689,0.191143,0.195556,0.199921,0.20423,0.208476,0.21265,0.216746,0.220754,0.224668,0.22848,0.232182,0.235767,0.239228,0.242558,0.245749,0.248796,0.251692,0.254431,0.257007,0.259414,0.261648,0.263703,0.265574,0.267259,0.268753,0.270053,0.271155,0.272059,0.27276,0.273259,0.273554,0.273644,0.273529,0.273209,0.272685,0.271959,0.271031,0.269905,0.268582,0.267066,0.265359,0.263466,0.261391,0.259138,0.256713,0.25412,0.251365,0.248454,0.245394,0.24219,0.238849,0.235378,0.231784,0.228075,0.224257,0.220339,0.216328,0.21223,0.208056,0.203811,0.199503,0.195141,0.190732,0.186284,0.181804,0.177299,0.172777,0.168245,0.163709,0.159177,0.154655,0.150149,0.145665,0.141209,0.136784,0.132397,0.128049,0.123743,0.119479,0.115254,0.111062,0.106891,0.102717,0.0985058,0.0941995,0.0897086,0.0848943
1.24,0.0925173,0.0888769,0.085319,0.0818455,0.0784583,0.0751587,0.0719481,0.0688274,0.0657977,0.0628593,0.0600128,0.0572585,0.0545962,0.052026,0.0495476,0.0471604,0.044864,0.0426577,0.0405407,0.038512,0.0365708,0.0347158,0.0329461,0.0312604,0.0296575,0.0281361,0.0266949,0.0253326,0.0240479,0.0228395,0.0217061,0.0206465,0.0196593,0.0187435,0.0178978,0.0171211,0.0164124,0.0157708,0.0151954,0.0146852,0.0142396,0.0138579,0.0135395,0.013284,0.013091,0.0129602,0.0128914,0.0128845,0.0129395,0.0130567,0.013236,0.013478,0.0137829,0.0141514,0.0145839,0.0150813,0.0156442,0.0162735,0.0169701,0.0177351,0.0185695,0.0194745,0.0204512,0.0215009,0.0226248,0.0238243,0.0251006,0.0264552,0.0278893,0.0294043,0.0310015,0.0326823,0.0344479,0.0362995,0.0382382,0.0402653,0.0423816,0.0445882,0.0468858,0.0492751,0.0517568,0.0543312,0.0569988,0.0597595,0.0626134,0.0655603,0.0685997,0.071731,0.0749534,0.0782659,0.0816672,0.0851557,0.0887297,0.0923872,0.0961258,0.0999431,0.103836,0.107802,0.111838,0.115939,0.120102,0.124323,0.128597,0.132919,0.137285,0.14169,0.146127,0.150592,0.155078,0.159578,0.164088,0.168599,0.173105,0.1776,0.182076,0.186525,0.190942,0.195317,0.199644,0.203915,0.208122,0.212258,0.216315,0.220285,0.224161,0.227936,0.231601,0.235151,0.238577,0.241872,0.245031,0.248046,0.250912,0.253622,0.25617,0.258551,0.260761,0.262793,0.264645,0.266311,0.267789,0.269074,0.270164,0.271057,0.271751,0.272245,0.272536,0.272625,0.272511,0.272195,0.271677,0.270958,0.270041,0.268927,0.267619,0.266119,0.264431,0.262558,0.260506,0.258277,0.255878,0.253312,0.250587,0.247706,0.244677,0.241506,0.238199,0.234763,0.231206,0.227533,0.223752,0.219872,0.215898,0.211839,0.207703,0.203496,0.199227,0.194903,0.190532,0.186121,0.181677,0.177208,0.172721,0.168224,0.163721,0.159221,0.154729,0.150251,0.145793,0.141358,0.136952,0.132575,0.128228,0.12391,0.119612,0.115323,0.11102,0.106665,0.1022,0.0975315,0.0925173
1.25,0.100406,0.0966221,0.0929142,0.0892853,0.0857375,0.0822729,0.0788933,0.0756003,0.072395,0.0692787,0.0662522,0.0633162,0.060471,0.0577171,0.0550544,0.052483,0.0500026,0.0476128,0.0453132,0.0431031,0.0409818,0.0389483,0.0370019,0.0351415,0.033366,0.0316743,0.0300651,0.0285374,0.0270898,0.0257211,0.02443,0.0232152,0.0220756,0.0210098,0.0200168,0.0190952,0.0182441,0.0174623,0.0167488,0.0161027,0.0155232,0.0150093,0.0145604,0.0141759,0.0138551,0.0135977,0.0134033,0.0132715,0.0132022,0.0131954,0.013251,0.0133691,0.01355,0.013794,0.0141014,0.0144728,0.0149087,0.0154098,0.0159769,0.0166108,0.0173123,0.0180826,0.0189226,0.0198334,0.0208161,0.021872,0.0230024,0.0242084,0.0254913,0.0268525,0.0282932,0.0298147,0.0314183,0.0331053,0.0348769,0.0367341,0.0386783,0.0407103,0.0428311,0.0450417,0.0473427,0.0497349,0.0522187,0.0547946,0.0574627,0.0602232,0.0630759,0.0660206,0.0690569,0.0721841,0.0754012,0.0787073,0.082101,0.0855806,0.0891446,0.0927907,0.0965167,0.10032,0.104198,0.108147,0.112164,0.116246,0.120388,0.124587,0.128838,0.133136,0.137476,0.141853,0.146262,0.150697,0.155152,0.159621,0.164097,0.168575,0.173047,0.177506,0.181946,0.186359,0.190739,0.195077,0.199366,0.203599,0.207768,0.211866,0.215885,0.219818,0.223657,0.227395,0.231024,0.234538,0.23793,0.241192,0.244319,0.247303,0.250139,0.25282,0.255341,0.257697,0.259883,0.261894,0.263725,0.265373,0.266834,0.268106,0.269184,0.270067,0.270753,0.271241,0.271529,0.271617,0.271504,0.271192,0.270679,0.269969,0.269062,0.26796,0.266666,0.265182,0.263512,0.26166,0.259629,0.257425,0.255051,0.252512,0.249815,0.246965,0.243967,0.240828,0.237555,0.234153,0.23063,0.226994,0.22325,0.219406,0.21547,0.211449,0.20735,0.203181,0.19895,0.194663,0.190329,0.185954,0.181547,0.177113,0.172661,0.168196,0.163725,0.159255,0.15479,0.150336,0.145897,0.141475,0.13707,0.132682,0.128302,0.123917,0.119505,0.115028,0.110424,0.105599,0.100406
1.26,0.108524,0.104613,0.10077,0.0969999,0.0933048,0.0896873,0.0861498,0.0826943,0.0793226,0.0760362,0.0728366,0.0697248,0.0667018,0.0637683,0.0609247,0.0581715,0.0555087,0.0529363,0.0504543,0.0480622,0.0457596,0.0435459,0.0414206,0.0393827,0.0374314,0.0355657,0.0337847,0.0320872,0.0304721,0.0289383,0.0274845,0.0261096,0.0248123,0.0235914,0.0224457,0.0213741,0.0203753,0.0194482,0.0185918,0.017805,0.0170869,0.0164365,0.0158529,0.0153355,0.0148834,0.0144961,0.0141731,0.0139138,0.013718,0.0135853,0.0135156,0.0135088,0.0135649,0.013684,0.0138664,0.0141123,0.0144221,0.0147963,0.0152355,0.0157403,0.0163115,0.0169498,0.0176562,0.0184316,0.0192769,0.0201934,0.021182,0.022244,0.0233805,0.0245928,0.0258821,0.0272496,0.0286967,0.0302245,0.0318342,0.0335272,0.0353044,0.0371671,0.0391164,0.0411531,0.0432781,0.0454924,0.0477966,0.0501913,0.052677,0.0552539,0.0579224,0.0606823,0.0635336,0.066476,0.0695089,0.0726317,0.0758434,0.0791428,0.0825287,0.0859994,0.0895531,0.0931877,0.096901,0.10069,0.104553,0.108485,0.112485,0.116547,0.120669,0.124845,0.129072,0.133346,0.13766,0.14201,0.146391,0.150797,0.155221,0.159659,0.164103,0.168547,0.172985,0.177409,0.181814,0.186191,0.190534,0.194835,0.199087,0.203282,0.207414,0.211475,0.215457,0.219352,0.223155,0.226857,0.230451,0.23393,0.237288,0.240518,0.243612,0.246566,0.249372,0.252025,0.25452,0.256851,0.259014,0.261003,0.262815,0.264445,0.26589,0.267148,0.268214,0.269088,0.269767,0.270249,0.270534,0.27062,0.270509,0.2702,0.269693,0.26899,0.268093,0.267003,0.265723,0.264255,0.262603,0.260771,0.258762,0.256581,0.254231,0.25172,0.24905,0.246229,0.243262,0.240155,0.236915,0.233547,0.230059,0.226457,0.222749,0.218942,0.215043,0.211059,0.206997,0.202865,0.198671,0.194421,0.190124,0.185785,0.181412,0.177013,0.172593,0.168159,0.163717,0.159272,0.154827,0.150387,0.145951,0.141517,0.13708,0.132624,0.128127,0.12355,0.11883,0.113872,0.108524
1.27,0.11683,0.112809,0.10885,0.104955,0.101127,0.0973714,0.0936891,0.0900833,0.0865561,0.0831098,0.0797461,0.0764667,0.0732729,0.0701658,0.0671465,0.0642157,0.061374,0.0586217,0.055959,0.053386,0.0509025,0.0485084,0.0462031,0.0439862,0.0418571,0.039815,0.037859,0.0359884,0.0342021,0.0324992,0.0308784,0.0293387,0.027879,0.0264981,0.0251949,0.0239681,0.0228166,0.0217392,0.0207348,0.0198024,0.0189409,0.0181493,0.0174266,0.016772,0.0161846,0.0156636,0.0152085,0.0148185,0.0144932,0.0142322,0.014035,0.0139014,0.0138313,0.0138245,0.0138811,0.0140013,0.0141851,0.0144329,0.014745,0.015122,0.0155644,0.0160728,0.0166479,0.0172906,0.0180016,0.0187819,0.0196325,0.0205545,0.0215488,0.0226166,0.0237592,0.0249775,0.026273,0.0276466,0.0290998,0.0306336,0.0322492,0.0339479,0.0357306,0.0375984,0.0395525,0.0415936,0.0437226,0.0459403,0.0482474,0.0506443,0.0531316,0.0557094,0.0583779,0.061137,0.0639867,0.0669265,0.0699558,0.0730739,0.0762799,0.0795725,0.0829505,0.086412,0.0899554,0.0935784,0.0972788,0.101054,0.104901,0.108817,0.112798,0.116841,0.120942,0.125097,0.129301,0.13355,0.137838,0.142162,0.146514,0.150891,0.155285,0.159692,0.164104,0.168515,0.172919,0.177309,0.181678,0.18602,0.190327,0.194591,0.198807,0.202965,0.20706,0.211084,0.215029,0.218889,0.222656,0.226322,0.229881,0.233327,0.236651,0.239848,0.242912,0.245835,0.248613,0.251238,0.253707,0.256014,0.258153,0.260121,0.261914,0.263526,0.264956,0.2662,0.267255,0.268119,0.26879,0.269267,0.269549,0.269635,0.269524,0.269218,0.268717,0.268022,0.267134,0.266056,0.26479,0.263338,0.261704,0.259891,0.257903,0.255745,0.25342,0.250934,0.248293,0.2455,0.242563,0.239488,0.236279,0.232945,0.229491,0.225924,0.222252,0.21848,0.214617,0.210669,0.206644,0.202549,0.198391,0.194177,0.189915,0.185611,0.181272,0.176904,0.172514,0.168106,0.163685,0.159254,0.154814,0.150362,0.145893,0.141392,0.136835,0.132183,0.127372,0.122306,0.11683
1.28,0.125279,0.121169,0.117112,0.11311,0.109169,0.10529,0.101478,0.0977365,0.0940672,0.0904731,0.0869565,0.0835195,0.080164,0.0768917,0.0737038,0.0706017,0.0675864,0.0646585,0.0618189,0.0590677,0.0564054,0.053832,0.0513474,0.0489514,0.0466438,0.0444239,0.0422913,0.0402452,0.038285,0.0364097,0.0346184,0.0329101,0.0312839,0.0297387,0.0282733,0.0268867,0.0255776,0.0243451,0.023188,0.0221051,0.0210954,0.0201578,0.0192913,0.018495,0.017768,0.0171092,0.0165181,0.0159938,0.0155356,0.0151431,0.0148156,0.0145528,0.0143543,0.0142198,0.0141493,0.0141426,0.0141997,0.0143208,0.014506,0.0147556,0.0150701,0.0154498,0.0158953,0.0164071,0.0169861,0.017633,0.0183485,0.0191337,0.0199894,0.0209166,0.0219164,0.0229899,0.0241383,0.0253625,0.0266638,0.0280434,0.0295025,0.031042,0.0326633,0.0343674,0.0361553,0.038028,0.0399866,0.0420318,0.0441645,0.0463854,0.0486951,0.051094,0.0535825,0.0561609,0.0588292,0.0615873,0.0644351,0.067372,0.0703975,0.0735108,0.0767109,0.0799966,0.0833664,0.0868186,0.0903515,0.0939628,0.0976503,0.101411,0.105243,0.109142,0.113105,0.117129,0.121209,0.125342,0.129523,0.133748,0.138011,0.142307,0.146632,0.15098,0.155344,0.15972,0.1641,0.168479,0.17285,0.177206,0.181541,0.185847,0.190118,0.194347,0.198526,0.202648,0.206707,0.210695,0.214604,0.218428,0.222159,0.22579,0.229315,0.232727,0.236019,0.239184,0.242217,0.24511,0.24786,0.250458,0.252902,0.255184,0.257301,0.259248,0.261022,0.262617,0.264032,0.265262,0.266306,0.267161,0.267825,0.268296,0.268575,0.26866,0.268551,0.268248,0.267752,0.267064,0.266186,0.265119,0.263866,0.26243,0.260813,0.259019,0.257052,0.254917,0.252616,0.250156,0.247542,0.244778,0.24187,0.238825,0.235649,0.232347,0.228927,0.225394,0.221756,0.21802,0.214192,0.21028,0.206291,0.202232,0.198109,0.19393,0.189701,0.185429,0.18112,0.176779,0.17241,0.168017,0.163601,0.15916,0.154686,0.150166,0.145576,0.140875,0.136001,0.130853,0.125279
1.29,0.133823,0.129647,0.125512,0.121425,0.117387,0.113405,0.109481,0.105619,0.101823,0.0980956,0.0944393,0.090857,0.087351,0.0839235,0.0805764,0.0773112,0.0741296,0.0710326,0.0680214,0.0650968,0.0622594,0.0595097,0.056848,0.0542744,0.0517889,0.0493914,0.0470816,0.044859,0.0427232,0.0406735,0.0387091,0.0368294,0.0350333,0.0333201,0.0316887,0.0301381,0.0286673,0.0272751,0.0259605,0.0247225,0.0235599,0.0224717,0.0214568,0.0205142,0.019643,0.0188422,0.0181108,0.0174481,0.0168534,0.0163258,0.0158647,0.0154696,0.01514,0.0148755,0.0146757,0.0145405,0.0144695,0.0144629,0.0145205,0.0146425,0.0148291,0.0150805,0.0153972,0.0157795,0.016228,0.0167433,0.017326,0.017977,0.0186969,0.0194867,0.0203473,0.0212797,0.0222849,0.0233639,0.0245178,0.0257477,0.0270547,0.02844,0.0299046,0.0314498,0.0330764,0.0347856,0.0365785,0.0384559,0.0404187,0.0424678,0.0446039,0.0468277,0.0491397,0.0515403,0.0540299,0.0566086,0.0592764,0.0620333,0.0648789,0.0678128,0.0708342,0.0739425,0.0771365,0.080415,0.0837765,0.0872193,0.0907416,0.0943411,0.0980155,0.101762,0.105578,0.109461,0.113406,0.11741,0.12147,0.125581,0.129739,0.133939,0.138177,0.142448,0.146745,0.151064,0.155399,0.159744,0.164093,0.168439,0.172777,0.1771,0.1814,0.185672,0.189908,0.194101,0.198245,0.202331,0.206354,0.210306,0.21418,0.217968,0.221664,0.225261,0.228753,0.232131,0.235391,0.238525,0.241527,0.244392,0.247113,0.249686,0.252104,0.254362,0.256457,0.258384,0.260139,0.261718,0.263117,0.264334,0.265367,0.266212,0.266869,0.267336,0.267611,0.267695,0.267587,0.267287,0.266797,0.266116,0.265248,0.264192,0.262953,0.261531,0.259932,0.258157,0.25621,0.254097,0.25182,0.249385,0.246797,0.244061,0.241183,0.238168,0.235023,0.231753,0.228366,0.224867,0.221263,0.217561,0.213768,0.209891,0.205937,0.201911,0.197822,0.193675,0.189476,0.185231,0.180944,0.176618,0.172255,0.167852,0.163401,0.158891,0.154295,0.149574,0.144664,0.139465,0.133823
1.3,0.142411,0.138192,0.134004,0.129852,0.12574,0.121674,0.117657,0.113694,0.109788,0.105943,0.102162,0.0984486,0.0948054,0.091235,0.0877398,0.0843219,0.0809832,0.0777255,0.0745502,0.0714586,0.0684517,0.0655305,0.0626956,0.0599476,0.0572867,0.0547132,0.0522271,0.0498284,0.0475166,0.0452916,0.0431528,0.0410996,0.0391315,0.0372475,0.035447,0.033729,0.0320927,0.0305369,0.0290609,0.0276634,0.0263436,0.0251002,0.0239324,0.022839,0.0218191,0.0208717,0.0199959,0.0191906,0.0184552,0.0177887,0.0171904,0.0166596,0.0161957,0.0157982,0.0154665,0.0152004,0.0149994,0.0148633,0.014792,0.0147854,0.0148435,0.0149664,0.0151543,0.0154075,0.0157263,0.0161112,0.0165626,0.0170812,0.0176676,0.0183225,0.0190467,0.019841,0.0207064,0.0216437,0.022654,0.0237383,0.0248976,0.026133,0.0274455,0.0288363,0.0303063,0.0318567,0.0334885,0.0352027,0.0370002,0.0388819,0.0408488,0.0429015,0.0450408,0.0472672,0.0495812,0.0519833,0.0544737,0.0570524,0.0597196,0.0624749,0.0653181,0.0682487,0.071266,0.074369,0.0775567,0.0808279,0.0841809,0.0876142,0.0911257,0.0947134,0.0983747,0.102107,0.105908,0.109773,0.1137,0.117685,0.121725,0.125814,0.129949,0.134126,0.138338,0.142582,0.146852,0.151143,0.155449,0.159763,0.164081,0.168396,0.172701,0.17699,0.181257,0.185494,0.189696,0.193854,0.197963,0.202014,0.206001,0.209918,0.213757,0.21751,0.221172,0.224736,0.228194,0.23154,0.234768,0.237871,0.240844,0.24368,0.246374,0.24892,0.251313,0.253549,0.255622,0.257529,0.259265,0.260827,0.262212,0.263416,0.264438,0.265274,0.265924,0.266386,0.266658,0.266741,0.266634,0.266338,0.265852,0.265179,0.264319,0.263275,0.262048,0.260642,0.259059,0.257302,0.255376,0.253284,0.251031,0.248621,0.246059,0.243351,0.240501,0.237516,0.234401,0.231163,0.227808,0.224342,0.220772,0.217103,0.213344,0.2095,0.205579,0.201585,0.197525,0.193405,0.189228,0.184999,0.180717,0.17638,0.171983,0.16751,0.162938,0.158225,0.153309,0.148089,0.142411
1.31,0.150992,0.146755,0.142536,0.138343,0.134179,0.130051,0.125962,0.121917,0.11792,0.113976,0.110088,0.10626,0.102495,0.0987957,0.0951656,0.0916073,0.0881229,0.0847147,0.0813847,0.0781345,0.0749657,0.0718796,0.0688773,0.0659597,0.0631276,0.0603814,0.0577216,0.0551485,0.052662,0.0502622,0.0479488,0.0457216,0.0435801,0.0415238,0.039552,0.0376641,0.0358594,0.0341369,0.0324958,0.0309352,0.0294541,0.0280516,0.0267266,0.0254782,0.0243053,0.023207,0.0221823,0.0212302,0.0203499,0.0195404,0.0188009,0.0181307,0.017529,0.0169952,0.0165286,0.0161287,0.015795,0.0155273,0.0153251,0.0151882,0.0151165,0.01511,0.0151685,0.0152924,0.0154816,0.0157365,0.0160574,0.0164447,0.016899,0.0174208,0.0180107,0.0186694,0.0193977,0.0201965,0.0210664,0.0220086,0.0230239,0.0241133,0.0252778,0.0265184,0.0278362,0.0292322,0.0307074,0.0322629,0.0338996,0.0356184,0.0374204,0.0393062,0.0412768,0.0433329,0.045475,0.0477038,0.0500197,0.052423,0.0549139,0.0574925,0.0601587,0.0629123,0.0657529,0.06868,0.0716928,0.0747904,0.0779716,0.0812353,0.0845798,0.0880034,0.091504,0.0950797,0.0987278,0.102446,0.106231,0.110079,0.113989,0.117955,0.121974,0.126041,0.130154,0.134306,0.138494,0.142712,0.146955,0.151217,0.155494,0.159779,0.164066,0.168349,0.172622,0.176878,0.181112,0.185315,0.189482,0.193606,0.19768,0.201697,0.205649,0.209531,0.213335,0.217055,0.220683,0.224213,0.227638,0.230952,0.234149,0.237222,0.240166,0.242973,0.24564,0.248161,0.25053,0.252742,0.254794,0.256681,0.2584,0.259945,0.261316,0.262507,0.263518,0.264346,0.264989,0.265445,0.265715,0.265797,0.265691,0.265398,0.264917,0.264251,0.2634,0.262367,0.261153,0.259762,0.258195,0.256457,0.25455,0.25248,0.250249,0.247864,0.245327,0.242646,0.239824,0.236869,0.233784,0.230577,0.227253,0.223819,0.220281,0.216645,0.212917,0.209104,0.205212,0.201244,0.197206,0.193101,0.188929,0.184688,0.180372,0.175966,0.171446,0.166772,0.16188,0.156671,0.150992
1.32,0.159512,0.155281,0.151058,0.146848,0.142656,0.138488,0.13435,0.130245,0.126178,0.122154,0.118178,0.114253,0.110383,0.106571,0.102822,0.0991369,0.0955201,0.0919738,0.0885004,0.0851021,0.0817808,0.0785384,0.0753763,0.0722959,0.0692983,0.0663845,0.0635553,0.0608112,0.0581528,0.0555802,0.0530936,0.050693,0.0483782,0.0461491,0.0440051,0.0419458,0.0399707,0.0380792,0.0362704,0.0345436,0.0328981,0.0313328,0.029847,0.0284396,0.0271097,0.0258564,0.0246787,0.0235756,0.0225462,0.0215896,0.020705,0.0198914,0.0191481,0.0184743,0.0178693,0.0173324,0.0168632,0.016461,0.0161255,0.0158562,0.0156528,0.0155152,0.0154432,0.0154366,0.0154957,0.0156204,0.0158108,0.0160674,0.0163903,0.0167801,0.0172371,0.017762,0.0183553,0.0190178,0.0197501,0.0205531,0.0214275,0.0223743,0.0233944,0.0244887,0.0256582,0.0269039,0.0282268,0.0296278,0.031108,0.0326683,0.0343096,0.0360329,0.037839,0.0397288,0.0417029,0.043762,0.0459068,0.0481377,0.0504551,0.0528594,0.0553506,0.0579287,0.0605938,0.0633454,0.0661832,0.0691065,0.0721147,0.0752067,0.0783813,0.0816373,0.0849731,0.0883868,0.0918766,0.0954401,0.099075,0.102779,0.106548,0.11038,0.114271,0.118218,0.122216,0.126263,0.130353,0.134481,0.138644,0.142836,0.147052,0.151287,0.155535,0.15979,0.164047,0.168299,0.17254,0.176764,0.180964,0.185134,0.189268,0.193357,0.197397,0.201379,0.205298,0.209145,0.212915,0.216601,0.220196,0.223693,0.227086,0.230369,0.233535,0.236578,0.239493,0.242273,0.244913,0.247408,0.249754,0.251944,0.253975,0.255843,0.257543,0.259073,0.260429,0.261608,0.262608,0.263427,0.264063,0.264515,0.264782,0.264863,0.264758,0.264468,0.263992,0.263333,0.262491,0.261469,0.260267,0.25889,0.25734,0.255619,0.253732,0.251683,0.249475,0.247113,0.244602,0.241947,0.239153,0.236226,0.23317,0.229993,0.2267,0.223296,0.219788,0.216182,0.212482,0.208695,0.204823,0.200869,0.196836,0.192719,0.188513,0.184203,0.179765,0.175159,0.170322,0.165156,0.159512
1.33,0.167916,0.163718,0.159516,0.155314,0.151119,0.146936,0.142771,0.138629,0.134514,0.130433,0.126389,0.122386,0.11843,0.114524,0.110672,0.106877,0.103143,0.0994724,0.0958689,0.0923348,0.0888724,0.0854841,0.0821717,0.0789371,0.0757819,0.0727073,0.0697147,0.0668049,0.0639789,0.0612371,0.0585802,0.0560084,0.0535219,0.0511208,0.0488048,0.0465739,0.0444277,0.0423658,0.0403876,0.0384926,0.0366801,0.0349493,0.0332995,0.0317298,0.0302394,0.0288274,0.0274928,0.0262348,0.0250524,0.0239447,0.0229109,0.0219499,0.0210611,0.0202436,0.0194965,0.0188192,0.0182111,0.0176714,0.0171995,0.0167952,0.0164577,0.016187,0.0159825,0.0158441,0.0157718,0.0157653,0.0158248,0.0159503,0.016142,0.0164002,0.0167251,0.0171172,0.0175769,0.0181048,0.0187015,0.0193675,0.0201037,0.0209107,0.0217895,0.0227408,0.0237655,0.0248646,0.0260389,0.0272895,0.0286172,0.030023,0.0315079,0.0330728,0.0347186,0.0364461,0.0382561,0.0401495,0.0421268,0.0441888,0.046336,0.0485688,0.0508876,0.0532925,0.0557837,0.0583612,0.0610249,0.0637743,0.0666091,0.0695285,0.0725318,0.075618,0.0787859,0.0820341,0.085361,0.0887648,0.0922435,0.0957948,0.0994164,0.103105,0.106859,0.110674,0.114548,0.118475,0.122454,0.126479,0.130546,0.134651,0.138789,0.142956,0.147145,0.151352,0.155571,0.159797,0.164024,0.168245,0.172455,0.176646,0.180814,0.184951,0.189051,0.193108,0.197113,0.201062,0.204946,0.20876,0.212497,0.216149,0.219711,0.223176,0.226538,0.22979,0.232925,0.235939,0.238825,0.241578,0.244193,0.246663,0.248985,0.251153,0.253163,0.255012,0.256695,0.258209,0.259551,0.260718,0.261707,0.262518,0.263147,0.263594,0.263858,0.263939,0.263835,0.263547,0.263077,0.262425,0.261591,0.260579,0.259391,0.258027,0.256493,0.25479,0.252922,0.250893,0.248707,0.246369,0.243883,0.241253,0.238486,0.235586,0.232559,0.229411,0.226146,0.22277,0.219289,0.215706,0.212026,0.208252,0.204383,0.200419,0.19635,0.192164,0.187837,0.183329,0.178579,0.17349,0.167916
1.34,0.176149,0.172011,0.167856,0.163689,0.159516,0.155343,0.151176,0.14702,0.142881,0.138764,0.134674,0.130616,0.126594,0.122613,0.118676,0.114789,0.110955,0.107177,0.103458,0.0998023,0.0962122,0.0926902,0.089239,0.0858608,0.0825574,0.0793308,0.0761826,0.0731141,0.0701265,0.067221,0.0643983,0.0616591,0.0590039,0.0564331,0.053947,0.0515455,0.0492287,0.0469963,0.0448481,0.0427837,0.0408027,0.0389045,0.0370884,0.0353538,0.0337,0.0321261,0.0306313,0.0292149,0.0278758,0.0266133,0.0254264,0.0243143,0.0232762,0.0223111,0.0214182,0.0205969,0.0198462,0.0191656,0.0185544,0.0180119,0.0175376,0.0171311,0.0167918,0.0165196,0.0163141,0.016175,0.0161023,0.0160959,0.0161559,0.0162822,0.0164751,0.0167348,0.0170617,0.017456,0.0179183,0.0184491,0.019049,0.0197185,0.0204584,0.0212694,0.0221523,0.023108,0.0241372,0.0252408,0.0264198,0.027675,0.0290073,0.0304178,0.0319072,0.0334765,0.0351264,0.0368579,0.0386716,0.0405684,0.0425488,0.0446134,0.0467627,0.0489971,0.0513169,0.0537223,0.0562134,0.05879,0.061452,0.0641991,0.0670306,0.0699459,0.0729442,0.0760244,0.0791854,0.0824256,0.0857435,0.0891372,0.0926048,0.0961439,0.0997521,0.103427,0.107165,0.110963,0.114818,0.118727,0.122685,0.126689,0.130734,0.134816,0.138929,0.14307,0.147233,0.151413,0.155604,0.159801,0.163997,0.168188,0.172366,0.176527,0.180662,0.184767,0.188834,0.192857,0.196829,0.200744,0.204596,0.208376,0.21208,0.2157,0.219229,0.222663,0.225993,0.229214,0.23232,0.235305,0.238163,0.24089,0.243478,0.245924,0.248223,0.250369,0.252359,0.254189,0.255855,0.257353,0.258682,0.259837,0.260816,0.261618,0.262241,0.262683,0.262945,0.263024,0.262921,0.262637,0.262171,0.261525,0.260701,0.259699,0.258522,0.257173,0.255654,0.253968,0.252119,0.25011,0.247946,0.245631,0.243168,0.240564,0.237823,0.234949,0.231948,0.228826,0.225585,0.222232,0.218769,0.215199,0.211521,0.207734,0.203831,0.199797,0.19561,0.19123,0.186597,0.181617,0.176149
1.35,0.184157,0.180106,0.176025,0.171918,0.167793,0.163656,0.159513,0.155368,0.151229,0.1471,0.142987,0.138895,0.134829,0.130794,0.126794,0.122834,0.118917,0.115049,0.111232,0.107471,0.103768,0.100127,0.0965499,0.0930403,0.0896003,0.0862322,0.082938,0.0797196,0.0765785,0.0735162,0.0705339,0.0676328,0.0648136,0.0620772,0.059424,0.0568544,0.0543688,0.0519672,0.0496497,0.0474161,0.0452662,0.0431996,0.0412159,0.0393147,0.0374954,0.0357572,0.0340996,0.0325217,0.0310228,0.0296021,0.0282587,0.0269919,0.0258008,0.0246844,0.0236421,0.022673,0.0217763,0.0209513,0.0201972,0.0195133,0.0188991,0.0183539,0.0178772,0.0174686,0.0171277,0.0168541,0.0166475,0.0165078,0.0164348,0.0164284,0.0164888,0.0166159,0.01681,0.0170712,0.0173999,0.0177965,0.0182613,0.0187949,0.0193979,0.0200708,0.0208143,0.0216291,0.022516,0.0234758,0.0245093,0.0256173,0.0268007,0.0280604,0.0293973,0.0308121,0.0323058,0.0338792,0.0355332,0.0372684,0.0390856,0.0409855,0.0429687,0.0450356,0.0471868,0.0494227,0.0517433,0.054149,0.0566396,0.0592151,0.0618753,0.0646197,0.0674478,0.0703588,0.0733519,0.076426,0.0795798,0.082812,0.0861207,0.0895043,0.0929606,0.0964874,0.100082,0.103742,0.107465,0.111246,0.115084,0.118973,0.122911,0.126894,0.130916,0.134975,0.139064,0.14318,0.147317,0.151469,0.155632,0.1598,0.163967,0.168128,0.172276,0.176405,0.180508,0.184581,0.188615,0.192606,0.196545,0.200427,0.204245,0.207993,0.211664,0.215252,0.21875,0.222152,0.225451,0.228642,0.231719,0.234676,0.237507,0.240206,0.24277,0.245192,0.247467,0.249592,0.251563,0.253374,0.255023,0.256507,0.257821,0.258964,0.259934,0.260727,0.261344,0.261782,0.26204,0.262119,0.262017,0.261735,0.261274,0.260635,0.259819,0.258828,0.257663,0.256327,0.254823,0.253154,0.251324,0.249335,0.247191,0.244898,0.242458,0.239878,0.23716,0.23431,0.231332,0.228229,0.225006,0.221663,0.218201,0.214618,0.210905,0.207051,0.20303,0.198807,0.194322,0.189484,0.184157
1.36,0.191888,0.18795,0.183968,0.179949,0.175898,0.171823,0.167728,0.16362,0.159506,0.155389,0.151278,0.147175,0.143088,0.139021,0.134979,0.130967,0.126989,0.123049,0.119153,0.115303,0.111505,0.10776,0.104072,0.100446,0.0968823,0.0933851,0.0899564,0.0865986,0.0833137,0.0801035,0.0769697,0.0739137,0.0709369,0.0680403,0.0652249,0.0624914,0.0598403,0.0572723,0.0547874,0.052386,0.050068,0.0478333,0.0456819,0.0436134,0.0416273,0.0397234,0.0379009,0.0361594,0.0344982,0.0329165,0.0314137,0.029989,0.0286415,0.0273706,0.0261753,0.025055,0.0240087,0.0230357,0.0221353,0.0213067,0.0205492,0.0198623,0.0192452,0.0186974,0.0182184,0.0178078,0.0174652,0.0171902,0.0169827,0.0168423,0.016769,0.0167627,0.0168235,0.0169514,0.0171466,0.0174093,0.0177398,0.0181385,0.0186058,0.0191421,0.019748,0.0204242,0.0211712,0.0219897,0.0228805,0.0238443,0.0248819,0.0259942,0.0271818,0.0284458,0.0297869,0.0312059,0.0327037,0.0342811,0.0359388,0.0376775,0.0394979,0.0414008,0.0433865,0.0454556,0.0476085,0.0498454,0.0521667,0.0545724,0.0570624,0.0596366,0.0622947,0.0650363,0.0678607,0.0707672,0.073755,0.0768228,0.0799694,0.0831933,0.0864928,0.0898661,0.0933111,0.0968255,0.100407,0.104052,0.107759,0.111524,0.115343,0.119214,0.123132,0.127093,0.131094,0.135129,0.139194,0.143285,0.147396,0.151521,0.155657,0.159796,0.163934,0.168065,0.172182,0.17628,0.180352,0.184393,0.188395,0.192353,0.19626,0.20011,0.203896,0.207612,0.21125,0.214806,0.218273,0.221644,0.224913,0.228075,0.231123,0.234051,0.236855,0.239529,0.242067,0.244466,0.246719,0.248823,0.250774,0.252567,0.2542,0.255668,0.256969,0.258101,0.25906,0.259846,0.260456,0.260889,0.261145,0.261223,0.261122,0.260843,0.260387,0.259754,0.258946,0.257965,0.256812,0.255489,0.254,0.252348,0.250535,0.248564,0.246441,0.244168,0.24175,0.23919,0.236493,0.233661,0.230698,0.227604,0.22438,0.221024,0.217527,0.213876,0.21005,0.206011,0.201703,0.197039,0.191888
1.37,0.199291,0.195491,0.191635,0.187729,0.183778,0.17979,0.17577,0.171725,0.16766,0.163581,0.159495,0.155407,0.151322,0.147246,0.143185,0.139142,0.135124,0.131134,0.127178,0.12326,0.119383,0.115553,0.111771,0.108043,0.104372,0.100759,0.0972094,0.0937246,0.0903073,0.0869599,0.0836843,0.0804825,0.0773562,0.0743067,0.0713355,0.0684437,0.0656322,0.0629018,0.0602531,0.0576867,0.0552028,0.0528017,0.0504835,0.0482481,0.0460953,0.0440251,0.0420369,0.0401304,0.0383051,0.0365604,0.0348958,0.0333106,0.0318041,0.0303755,0.0290242,0.0277493,0.0265501,0.0254258,0.0243757,0.0233991,0.0224951,0.0216631,0.0209024,0.0202124,0.0195926,0.0190423,0.0185611,0.0181486,0.0178044,0.0175281,0.0173196,0.0171786,0.017105,0.0170988,0.01716,0.0172886,0.0174849,0.017749,0.0180813,0.018482,0.0189517,0.0194906,0.0200995,0.0207788,0.0215291,0.0223512,0.0232457,0.0242134,0.0252549,0.0263712,0.027563,0.028831,0.0301762,0.0315992,0.0331009,0.034682,0.0363432,0.0380852,0.0399087,0.0418142,0.0438022,0.0458732,0.0480276,0.0502655,0.0525871,0.0549926,0.0574817,0.0600544,0.0627103,0.0654488,0.0682694,0.0711713,0.0741535,0.0772148,0.080354,0.0835695,0.0868597,0.0902227,0.0936562,0.0971582,0.100726,0.104357,0.108048,0.111796,0.115598,0.119449,0.123348,0.127288,0.131266,0.135279,0.13932,0.143385,0.14747,0.151569,0.155677,0.159789,0.163898,0.167999,0.172086,0.176153,0.180195,0.184204,0.188175,0.192101,0.195976,0.199793,0.203547,0.207231,0.210838,0.214363,0.217798,0.221139,0.224378,0.227511,0.23053,0.233431,0.236209,0.238857,0.241371,0.243746,0.245977,0.248061,0.249992,0.251768,0.253384,0.254837,0.256126,0.257246,0.258196,0.258973,0.259577,0.260006,0.260259,0.260336,0.260236,0.25996,0.259508,0.258882,0.258082,0.25711,0.255968,0.254659,0.253184,0.251547,0.249751,0.247798,0.245693,0.243439,0.241038,0.238494,0.235809,0.232984,0.230019,0.226911,0.223652,0.22023,0.216622,0.212794,0.208691,0.204232,0.199291
1.38,0.206317,0.20268,0.198975,0.195206,0.191381,0.187506,0.183587,0.179629,0.175639,0.171624,0.167589,0.163539,0.159481,0.155421,0.151363,0.147313,0.143277,0.139259,0.135264,0.131297,0.127363,0.123465,0.119609,0.115796,0.112033,0.108321,0.104665,0.101068,0.0975313,0.094059,0.0906532,0.0873162,0.0840501,0.0808568,0.077738,0.0746953,0.0717299,0.0688429,0.0660355,0.0633084,0.0606623,0.0580978,0.0556151,0.0532145,0.0508963,0.0486603,0.0465065,0.0444347,0.0424445,0.0405357,0.0387078,0.0369602,0.0352925,0.0337039,0.0321939,0.0307617,0.0294066,0.028128,0.0269251,0.0257971,0.0247433,0.0237631,0.0228557,0.0220204,0.0212566,0.0205638,0.0199413,0.0193886,0.0189053,0.0184909,0.0181451,0.0178676,0.0176581,0.0175166,0.0174427,0.0174366,0.0174981,0.0176275,0.0178249,0.0180904,0.0184243,0.018827,0.0192989,0.0198404,0.0204521,0.0211344,0.021888,0.0227135,0.0236116,0.024583,0.0256283,0.0267485,0.0279442,0.0292161,0.0305651,0.031992,0.0334973,0.0350819,0.0367464,0.0384916,0.0403178,0.0422258,0.0442159,0.0462886,0.0484442,0.0506828,0.0530046,0.0554096,0.0578977,0.0604687,0.063122,0.0658574,0.068674,0.071571,0.0745475,0.0776022,0.0807339,0.0839409,0.0872216,0.0905741,0.0939962,0.0974856,0.10104,0.104656,0.108331,0.112063,0.115847,0.11968,0.123558,0.127477,0.131434,0.135423,0.139441,0.143482,0.147541,0.151614,0.155694,0.159778,0.163858,0.16793,0.171987,0.176024,0.180035,0.184013,0.187953,0.191847,0.195691,0.199477,0.203199,0.206851,0.210427,0.213921,0.217326,0.220637,0.223847,0.22695,0.229942,0.232816,0.235567,0.23819,0.24068,0.243032,0.245242,0.247305,0.249218,0.250976,0.252576,0.254015,0.25529,0.256399,0.257339,0.258109,0.258707,0.259131,0.259382,0.259458,0.259359,0.259086,0.258638,0.258018,0.257226,0.256264,0.255133,0.253835,0.252374,0.250752,0.24897,0.247033,0.244942,0.242701,0.24031,0.237771,0.235083,0.232242,0.229242,0.22607,0.222704,0.219112,0.215242,0.211015,0.206317
1.39,0.21292,0.209471,0.20594,0.202334,0.198659,0.194921,0.191127,0.187283,0.183394,0.179466,0.175507,0.171521,0.167515,0.163494,0.159464,0.155431,0.1514,0.147376,0.143365,0.139371,0.1354,0.131456,0.127543,0.123666,0.119829,0.116035,0.112289,0.108595,0.104954,0.101371,0.0978481,0.0943883,0.090994,0.0876676,0.0844111,0.0812265,0.0781154,0.0750794,0.0721199,0.0692381,0.0664349,0.0637113,0.061068,0.0585055,0.0560242,0.0536244,0.0513063,0.04907,0.0469153,0.0448422,0.0428503,0.0409394,0.0391091,0.0373588,0.0356881,0.0340964,0.032583,0.0311474,0.0297888,0.0285067,0.0273001,0.0261686,0.0251114,0.0241277,0.023217,0.0223786,0.0216119,0.0209162,0.0202912,0.0197362,0.0192508,0.0188347,0.0184874,0.0182087,0.0179983,0.0178561,0.017782,0.017776,0.0178379,0.017968,0.0181664,0.0184332,0.0187688,0.0191734,0.0196475,0.0201915,0.0208058,0.0214911,0.0222478,0.0230766,0.0239781,0.024953,0.0260021,0.0271259,0.0283253,0.029601,0.0309537,0.0323841,0.0338929,0.0354809,0.0371485,0.0388965,0.0407253,0.0426355,0.0446275,0.0467017,0.0488582,0.0510974,0.0534191,0.0558235,0.0583103,0.0608793,0.0635301,0.066262,0.0690744,0.0719664,0.074937,0.077985,0.081109,0.0843074,0.0875786,0.0909205,0.094331,0.0978078,0.101348,0.10495,0.10861,0.112324,0.11609,0.119905,0.123763,0.127662,0.131597,0.135563,0.139557,0.143573,0.147607,0.151654,0.155708,0.159763,0.163815,0.167858,0.171886,0.175893,0.179874,0.183821,0.18773,0.191593,0.195406,0.19916,0.202851,0.206473,0.210018,0.213481,0.216856,0.220137,0.223319,0.226394,0.229358,0.232206,0.234931,0.237529,0.239996,0.242325,0.244514,0.246557,0.24845,0.250191,0.251776,0.2532,0.254463,0.255561,0.256492,0.257254,0.257845,0.258266,0.258514,0.258589,0.258491,0.25822,0.257777,0.257162,0.256378,0.255424,0.254303,0.253017,0.251567,0.249957,0.248187,0.24626,0.244177,0.241939,0.239543,0.236987,0.234264,0.231362,0.228259,0.224926,0.221312,0.217346,0.21292
1.4,0.219059,0.215818,0.212484,0.209064,0.205563,0.201988,0.198343,0.194636,0.190873,0.187058,0.1832,0.179302,0.175373,0.171416,0.167439,0.163446,0.159444,0.155438,0.151433,0.147435,0.143449,0.139479,0.135531,0.131609,0.127718,0.123861,0.120044,0.116269,0.112541,0.108863,0.105238,0.101669,0.0981598,0.0947126,0.09133,0.0880142,0.0847674,0.0815915,0.0784882,0.0754592,0.0725058,0.0696292,0.0668305,0.0641106,0.0614702,0.0589099,0.0564302,0.0540314,0.0517137,0.0494772,0.0473219,0.0452477,0.0432543,0.0413415,0.0395089,0.0377562,0.0360827,0.034488,0.0329716,0.0315327,0.0301708,0.0288852,0.0276753,0.0265404,0.0254798,0.0244929,0.023579,0.0227376,0.021968,0.0212698,0.0206422,0.020085,0.0195977,0.0191798,0.0188311,0.0185512,0.01834,0.0181973,0.018123,0.018117,0.0181793,0.0183101,0.0185094,0.0187776,0.0191147,0.0195212,0.0199974,0.0205437,0.0211607,0.0218487,0.0226084,0.0234404,0.0243452,0.0253235,0.0263761,0.0275035,0.0287064,0.0299857,0.0313418,0.0327757,0.0342878,0.0358788,0.0375493,0.0393,0.0411312,0.0430434,0.0450371,0.0471125,0.0492698,0.0515092,0.0538307,0.0562343,0.0587196,0.0612865,0.0639344,0.0666627,0.0694707,0.0723576,0.0753222,0.0783633,0.0814795,0.0846692,0.0879306,0.0912619,0.0946608,0.098125,0.101652,0.105239,0.108883,0.112581,0.116329,0.120125,0.123963,0.127841,0.131755,0.135699,0.139669,0.143661,0.14767,0.15169,0.155717,0.159746,0.16377,0.167784,0.171783,0.17576,0.179711,0.183628,0.187506,0.191339,0.19512,0.198844,0.202505,0.206095,0.20961,0.213044,0.216389,0.219641,0.222794,0.225841,0.228778,0.231599,0.2343,0.236873,0.239316,0.241624,0.243791,0.245815,0.24769,0.249414,0.250983,0.252394,0.253644,0.254731,0.255652,0.256407,0.256993,0.257408,0.257654,0.257728,0.257631,0.257362,0.256923,0.256314,0.255536,0.25459,0.253477,0.2522,0.250759,0.249156,0.247391,0.245465,0.243376,0.241119,0.238689,0.236073,0.233253,0.230199,0.226865,0.223185,0.219059
1.41,0.224695,0.221683,0.218568,0.215355,0.212051,0.20866,0.205188,0.201643,0.198028,0.194351,0.190618,0.186833,0.183004,0.179137,0.175236,0.171309,0.16736,0.163395,0.159421,0.155441,0.151463,0.14749,0.143529,0.139583,0.135658,0.131759,0.127889,0.124052,0.120254,0.116498,0.112787,0.109126,0.105516,0.101962,0.0984667,0.0950321,0.0916611,0.088356,0.085119,0.0819519,0.0788566,0.0758347,0.0728875,0.0700163,0.0672222,0.0645061,0.0618688,0.059311,0.0568331,0.0544354,0.0521183,0.0498819,0.0477262,0.045651,0.0436564,0.0417419,0.0399073,0.0381523,0.0364763,0.0348788,0.0333595,0.0319175,0.0305525,0.0292637,0.0280505,0.0269124,0.0258486,0.0248586,0.0239417,0.0230974,0.0223251,0.0216243,0.0209944,0.0204351,0.0199458,0.0195263,0.0191762,0.0188953,0.0186832,0.01854,0.0184654,0.0184595,0.0185222,0.0186536,0.0188539,0.0191233,0.019462,0.0198703,0.0203485,0.0208971,0.0215165,0.0222073,0.0229699,0.0238048,0.0247128,0.0256944,0.0267503,0.0278811,0.0290875,0.0303701,0.0317295,0.0331666,0.0346818,0.0362757,0.0379489,0.039702,0.0415354,0.0434495,0.0454446,0.047521,0.0496789,0.0519184,0.0542394,0.0566419,0.0591256,0.0616901,0.064335,0.0670596,0.0698631,0.0727446,0.075703,0.078737,0.0818453,0.0850262,0.0882779,0.0915984,0.0949856,0.0984371,0.10195,0.105523,0.109151,0.112832,0.116563,0.12034,0.124159,0.128016,0.131908,0.13583,0.139777,0.143744,0.147728,0.151723,0.155724,0.159725,0.163721,0.167707,0.171677,0.175626,0.179546,0.183434,0.187281,0.191084,0.194835,0.198529,0.202159,0.205719,0.209204,0.212608,0.215924,0.219148,0.222272,0.225292,0.228203,0.230998,0.233673,0.236223,0.238643,0.240929,0.243075,0.245079,0.246937,0.248644,0.250198,0.251595,0.252832,0.253909,0.254821,0.255568,0.256148,0.256559,0.256802,0.256875,0.256778,0.256512,0.256076,0.255471,0.254698,0.253757,0.252651,0.251378,0.249939,0.248334,0.246562,0.244617,0.242493,0.240179,0.237658,0.2349,0.231866,0.228495,0.224695
1.42,0.229795,0.22703,0.224153,0.221168,0.21808,0.214895,0.211619,0.208257,0.204814,0.201298,0.197713,0.194066,0.190362,0.186608,0.182808,0.17897,0.175098,0.171199,0.167279,0.163342,0.159394,0.155442,0.151489,0.147542,0.143605,0.139683,0.135781,0.131903,0.128054,0.124239,0.12046,0.116722,0.113029,0.109384,0.10579,0.102251,0.0987686,0.0953468,0.0919875,0.0886932,0.085466,0.0823079,0.0792207,0.0762059,0.0732651,0.0703995,0.0676101,0.0648981,0.0622641,0.0597088,0.0572329,0.0548366,0.0525203,0.0502841,0.0481282,0.0460523,0.0440566,0.0421406,0.0403043,0.0385471,0.0368688,0.0352688,0.0337466,0.0323018,0.0309338,0.029642,0.0284258,0.0272846,0.0262178,0.0252248,0.024305,0.023458,0.0226831,0.0219798,0.0213477,0.0207863,0.0202952,0.0198741,0.0195227,0.0192407,0.0190279,0.0188841,0.0188093,0.0188034,0.0188665,0.0189986,0.0191998,0.0194704,0.0198106,0.0202206,0.0207008,0.0212516,0.0218734,0.0225667,0.0233321,0.02417,0.025081,0.0260657,0.0271248,0.0282588,0.0294684,0.0307541,0.0321168,0.0335568,0.0350749,0.0366715,0.0383473,0.0401026,0.041938,0.0438536,0.04585,0.0479273,0.0500855,0.0523249,0.0546453,0.0570465,0.0595283,0.0620903,0.064732,0.0674526,0.0702514,0.0731274,0.0760795,0.0791064,0.0822066,0.0853786,0.0886204,0.0919301,0.0953055,0.0987443,0.102244,0.105801,0.109414,0.113079,0.116792,0.12055,0.12435,0.128187,0.132057,0.135956,0.13988,0.143824,0.147783,0.151752,0.155727,0.159701,0.16367,0.167628,0.171569,0.175489,0.17938,0.183238,0.187056,0.190829,0.19455,0.198213,0.201814,0.205344,0.2088,0.212175,0.215462,0.218657,0.221754,0.224747,0.227631,0.230401,0.233051,0.235578,0.237975,0.240239,0.242366,0.244351,0.24619,0.247881,0.249419,0.250803,0.252029,0.253094,0.253998,0.254737,0.255311,0.255718,0.255958,0.256029,0.255932,0.255667,0.255233,0.25463,0.25386,0.252921,0.251814,0.250537,0.249088,0.247464,0.245658,0.243658,0.241449,0.239005,0.236289,0.233245,0.229795
1.43,0.234329,0.231828,0.229205,0.226466,0.223614,0.220655,0.217594,0.214437,0.211189,0.207855,0.204442,0.200955,0.197399,0.193781,0.190107,0.186381,0.182611,0.178801,0.174958,0.171088,0.167195,0.163286,0.159365,0.155439,0.151512,0.14759,0.143677,0.139779,0.135899,0.132044,0.128216,0.12442,0.120661,0.116942,0.113266,0.109637,0.106059,0.102534,0.0990659,0.0956567,0.0923092,0.0890258,0.0858086,0.0826595,0.0795804,0.076573,0.0736387,0.0707787,0.0679943,0.0652864,0.0626559,0.0601035,0.0576297,0.0552349,0.0529196,0.0506839,0.0485279,0.0464516,0.0444549,0.0425377,0.0406997,0.0389407,0.0372602,0.0356578,0.0341331,0.0326856,0.0313148,0.0300201,0.028801,0.0276569,0.0265872,0.0255914,0.0246689,0.0238192,0.0230418,0.0223362,0.0217019,0.0211386,0.0206458,0.0202231,0.0198705,0.0195874,0.0193739,0.0192296,0.0191546,0.0191488,0.0192123,0.019345,0.0195471,0.0198188,0.0201604,0.020572,0.0210541,0.0216071,0.0222312,0.022927,0.023695,0.0245357,0.0254496,0.0264373,0.0274994,0.0286365,0.0298491,0.0311379,0.0325035,0.0339464,0.0354672,0.0370663,0.0387444,0.0405018,0.0423388,0.044256,0.0462534,0.0483312,0.0504897,0.0527287,0.0550482,0.057448,0.0599278,0.0624871,0.0651253,0.0678419,0.0706358,0.0735062,0.0764519,0.0794714,0.0825635,0.0857264,0.0889583,0.0922571,0.0956207,0.0990467,0.102533,0.106075,0.109672,0.11332,0.117016,0.120756,0.124536,0.128352,0.132201,0.136078,0.139979,0.143899,0.147834,0.151778,0.155726,0.159674,0.163616,0.167546,0.17146,0.17535,0.179213,0.183041,0.18683,0.190573,0.194265,0.197899,0.201469,0.204971,0.208397,0.211743,0.215002,0.218169,0.221239,0.224205,0.227063,0.229808,0.232434,0.234937,0.237313,0.239556,0.241662,0.243628,0.24545,0.247125,0.248649,0.250019,0.251232,0.252288,0.253182,0.253914,0.254482,0.254884,0.25512,0.25519,0.255091,0.254825,0.25439,0.253786,0.253013,0.252068,0.250949,0.249652,0.248171,0.246495,0.24461,0.242492,0.240108,0.23741,0.234329
1.44,0.238272,0.236049,0.233697,0.231219,0.22862,0.225905,0.223079,0.220146,0.217112,0.213982,0.210761,0.207456,0.204071,0.200612,0.197085,0.193496,0.189851,0.186154,0.182413,0.178632,0.174817,0.170974,0.167109,0.163227,0.159333,0.155433,0.151532,0.147634,0.143745,0.139871,0.136014,0.13218,0.128373,0.124598,0.120857,0.117156,0.113498,0.109886,0.106323,0.102813,0.0993584,0.095962,0.0926264,0.0893538,0.0861466,0.0830067,0.079936,0.076936,0.0740082,0.0711541,0.0683748,0.0656713,0.0630444,0.0604949,0.0580234,0.0556304,0.0533163,0.0510812,0.0489253,0.0468487,0.0448514,0.0429331,0.0410937,0.0393329,0.0376505,0.0360459,0.0345189,0.0330689,0.0316954,0.030398,0.0291762,0.0280293,0.0269569,0.0259584,0.0250333,0.0241811,0.0234013,0.0226935,0.0220571,0.0214919,0.0209974,0.0205734,0.0202195,0.0199355,0.0197212,0.0195765,0.0195013,0.0194956,0.0195593,0.0196927,0.0198957,0.0201685,0.0205114,0.0209247,0.0214086,0.0219635,0.0225899,0.0232881,0.0240586,0.0249019,0.0258186,0.0268091,0.0278741,0.0290141,0.0302296,0.0315213,0.0328897,0.0343352,0.0358585,0.03746,0.0391402,0.0408994,0.0427381,0.0446564,0.0466546,0.0487329,0.0508913,0.0531298,0.0554483,0.0578465,0.060324,0.0628804,0.0655151,0.0682274,0.0710164,0.073881,0.07682,0.0798322,0.082916,0.0860697,0.0892915,0.0925794,0.0959311,0.0993443,0.102816,0.106345,0.109926,0.113557,0.117235,0.120957,0.124717,0.128514,0.132341,0.136197,0.140075,0.143971,0.147881,0.1518,0.155723,0.159644,0.163559,0.167462,0.171348,0.17521,0.179044,0.182844,0.186603,0.190317,0.193979,0.197584,0.201126,0.204598,0.207996,0.211313,0.214545,0.217684,0.220727,0.223667,0.2265,0.22922,0.231822,0.234302,0.236655,0.238878,0.240964,0.242912,0.244717,0.246375,0.247885,0.249241,0.250443,0.251488,0.252373,0.253097,0.253659,0.254056,0.254287,0.254353,0.254251,0.25398,0.25354,0.252928,0.252141,0.251175,0.250025,0.24868,0.247127,0.245345,0.243306,0.240967,0.238272
1.45,0.241606,0.239673,0.237604,0.235401,0.233071,0.230615,0.228039,0.225348,0.222547,0.21964,0.216632,0.213528,0.210335,0.207057,0.203701,0.20027,0.196772,0.193211,0.189594,0.185926,0.182213,0.178461,0.174674,0.170859,0.167021,0.163166,0.159298,0.155424,0.151548,0.147675,0.14381,0.139959,0.136124,0.132312,0.128526,0.124771,0.12105,0.117367,0.113726,0.11013,0.106583,0.103087,0.0996463,0.0962627,0.092939,0.0896774,0.0864803,0.0833497,0.0802873,0.0772948,0.0743739,0.0715257,0.0687516,0.0660526,0.0634295,0.0608832,0.0584142,0.0560231,0.0537103,0.051476,0.0493205,0.0472438,0.0452459,0.0433268,0.0414862,0.0397239,0.0380396,0.0364331,0.0349039,0.0334515,0.0320756,0.0307757,0.0295513,0.0284018,0.0273268,0.0263257,0.0253982,0.0245436,0.0237615,0.0230516,0.0224133,0.0218462,0.0213502,0.0209247,0.0205697,0.0202847,0.0200698,0.0199247,0.0198493,0.0198436,0.0199077,0.0200416,0.0202455,0.0205194,0.0208636,0.0212784,0.021764,0.0223209,0.0229494,0.0236499,0.0244228,0.0252687,0.026188,0.0271812,0.028249,0.0293917,0.03061,0.0319043,0.0332753,0.0347233,0.036249,0.0378526,0.0395347,0.0412956,0.0431356,0.045055,0.0470539,0.0491324,0.0512906,0.0535284,0.0558456,0.0582419,0.0607171,0.0632704,0.0659014,0.0686093,0.071393,0.0742517,0.077184,0.0801887,0.0832641,0.0864086,0.0896203,0.0928972,0.096237,0.0996373,0.103096,0.106609,0.110175,0.11379,0.11745,0.121153,0.124894,0.128671,0.132477,0.136311,0.140166,0.144039,0.147925,0.151819,0.155717,0.159612,0.1635,0.167376,0.171234,0.175068,0.178874,0.182645,0.186376,0.190061,0.193694,0.19727,0.200783,0.204227,0.207597,0.210886,0.21409,0.217202,0.220218,0.223133,0.22594,0.228636,0.231215,0.233672,0.236004,0.238205,0.240273,0.242202,0.24399,0.245633,0.247127,0.248471,0.249661,0.250695,0.251571,0.252286,0.25284,0.25323,0.253456,0.253514,0.253404,0.253123,0.252668,0.252035,0.251218,0.250208,0.248993,0.247555,0.245869,0.243902,0.241606
1.46,0.244315,0.242682,0.240906,0.238991,0.236941,0.234759,0.232449,0.230015,0.227463,0.224796,0.222019,0.219137,0.216155,0.213078,0.209912,0.206661,0.203332,0.199929,0.196459,0.192927,0.189338,0.185698,0.182013,0.178288,0.17453,0.170742,0.166931,0.163102,0.159261,0.155412,0.151561,0.147712,0.143872,0.140043,0.136231,0.13244,0.128675,0.124939,0.121237,0.117572,0.113949,0.110369,0.106838,0.103357,0.0999297,0.0965589,0.0932471,0.0899966,0.0868097,0.0836884,0.0806345,0.0776497,0.0747356,0.0718936,0.0691248,0.0664304,0.0638113,0.0612683,0.058802,0.056413,0.0541017,0.0518685,0.0497135,0.0476369,0.0456387,0.0437188,0.0418771,0.0401135,0.0384277,0.0368193,0.0352881,0.0338336,0.0324554,0.0311531,0.0299262,0.0287743,0.0276969,0.0266934,0.0257635,0.0249066,0.0241224,0.0234104,0.0227702,0.0222015,0.0217039,0.0212772,0.020921,0.0206352,0.0204196,0.0202741,0.0201985,0.0201929,0.0202573,0.0203918,0.0205964,0.0208714,0.0212169,0.0216331,0.0221205,0.0226792,0.0233097,0.0240123,0.0247876,0.0256359,0.0265577,0.0275535,0.0286238,0.0297692,0.0309901,0.0322869,0.0336603,0.0351107,0.0366385,0.0382441,0.0399279,0.0416903,0.0435315,0.0454517,0.047451,0.0495296,0.0516874,0.0539242,0.05624,0.0586344,0.0611069,0.0636571,0.0662842,0.0689875,0.0717659,0.0746185,0.077544,0.080541,0.083608,0.0867431,0.0899446,0.0932104,0.0965382,0.0999257,0.10337,0.106869,0.110419,0.114017,0.11766,0.121345,0.125067,0.128823,0.132609,0.136421,0.140254,0.144104,0.147966,0.151835,0.155707,0.159577,0.163438,0.167287,0.171118,0.174925,0.178703,0.182445,0.186148,0.189804,0.193409,0.196957,0.200441,0.203857,0.207199,0.21046,0.213637,0.216723,0.219713,0.222602,0.225384,0.228056,0.230612,0.233047,0.235357,0.237539,0.239587,0.241498,0.243269,0.244896,0.246376,0.247706,0.248884,0.249907,0.250773,0.251479,0.252023,0.252404,0.252619,0.252665,0.252539,0.252237,0.251753,0.25108,0.250205,0.249116,0.247791,0.246202,0.244315
1.47,0.246392,0.245065,0.24359,0.241972,0.240213,0.238315,0.236284,0.234121,0.231832,0.22942,0.22689,0.224247,0.221494,0.218637,0.21568,0.21263,0.20949,0.206266,0.202964,0.199589,0.196147,0.192643,0.189082,0.18547,0.181812,0.178115,0.174384,0.170623,0.166839,0.163036,0.159221,0.155397,0.151571,0.147747,0.143929,0.140123,0.136334,0.132564,0.12882,0.125104,0.121421,0.117774,0.114168,0.110605,0.107088,0.103622,0.100209,0.0968508,0.0935509,0.0903115,0.0871349,0.0840229,0.0809776,0.0780006,0.0750935,0.0722577,0.0694945,0.0668049,0.0641898,0.0616503,0.0591868,0.0568001,0.0544905,0.0522585,0.0501042,0.0480278,0.0460295,0.0441091,0.0422666,0.0405018,0.0388146,0.0372046,0.0356715,0.034215,0.0328347,0.0315302,0.0303011,0.0291468,0.0280671,0.0270613,0.0261292,0.0252702,0.0244839,0.02377,0.0231281,0.0225577,0.0220587,0.0216307,0.0212734,0.0209868,0.0207706,0.0206246,0.0205489,0.0205434,0.0206082,0.0207432,0.0209486,0.0212245,0.0215712,0.0219889,0.0224778,0.0230383,0.0236707,0.0243755,0.0251529,0.0260035,0.0269277,0.027926,0.0289988,0.0301466,0.0313698,0.0326691,0.0340448,0.0354973,0.037027,0.0386345,0.0403198,0.0420835,0.0439257,0.0458465,0.0478461,0.0499245,0.0520817,0.0543175,0.0566317,0.0590239,0.0614937,0.0640405,0.0666635,0.0693621,0.0721351,0.0749815,0.0779,0.0808892,0.0839476,0.0870733,0.0902646,0.0935192,0.096835,0.10021,0.10364,0.107124,0.110659,0.114241,0.117866,0.121533,0.125236,0.128972,0.132737,0.136527,0.140338,0.144165,0.148003,0.151848,0.155695,0.159539,0.163374,0.167197,0.171,0.17478,0.17853,0.182245,0.185919,0.189548,0.193125,0.196644,0.2001,0.203488,0.206802,0.210037,0.213187,0.216246,0.21921,0.222074,0.224832,0.22748,0.230013,0.232426,0.234716,0.236877,0.238906,0.2408,0.242554,0.244165,0.24563,0.246947,0.248112,0.249123,0.249976,0.25067,0.251202,0.251569,0.251767,0.251792,0.251639,0.251301,0.250768,0.250028,0.249067,0.247863,0.246392
1.48,0.247831,0.246815,0.245648,0.244333,0.242872,0.241269,0.239525,0.237645,0.235632,0.233489,0.23122,0.22883,0.226322,0.223702,0.220973,0.21814,0.215209,0.212184,0.20907,0.205873,0.202598,0.19925,0.195835,0.192358,0.188825,0.185241,0.181611,0.177941,0.174236,0.170502,0.166745,0.162968,0.159178,0.15538,0.151578,0.147778,0.143984,0.140201,0.136433,0.132684,0.12896,0.125264,0.1216,0.117971,0.114382,0.110835,0.107335,0.103883,0.100483,0.0971382,0.0938504,0.0906222,0.0874558,0.0843534,0.0813168,0.0783477,0.0754477,0.0726182,0.0698606,0.0671759,0.0645651,0.0620292,0.0595687,0.0571844,0.0548767,0.0526461,0.0504927,0.0484168,0.0464184,0.0444977,0.0426546,0.0408888,0.0392003,0.0375889,0.0360541,0.0345958,0.0332136,0.031907,0.0306757,0.0295193,0.0284374,0.0274295,0.0264953,0.0256342,0.024846,0.0241303,0.0234866,0.0229148,0.0224143,0.0219851,0.0216269,0.0213395,0.0211227,0.0209764,0.0209005,0.0208951,0.0209601,0.0210956,0.0213018,0.0215787,0.0219265,0.0223455,0.022836,0.0233982,0.0240325,0.0247392,0.0255187,0.0263715,0.027298,0.0282985,0.0293736,0.0305238,0.0317493,0.0330508,0.0344285,0.035883,0.0374146,0.0390237,0.0407104,0.0424752,0.0443181,0.0462394,0.0482391,0.0503172,0.0524737,0.0547082,0.0570206,0.0594105,0.0618773,0.0644206,0.0670394,0.0697331,0.0725005,0.0753406,0.0782521,0.0812334,0.0842831,0.0873993,0.0905802,0.0938236,0.0971274,0.100489,0.103906,0.107375,0.110894,0.114459,0.118068,0.121716,0.1254,0.129116,0.132861,0.13663,0.140418,0.144222,0.148037,0.151858,0.15568,0.159498,0.163308,0.167104,0.170881,0.174633,0.178356,0.182044,0.185691,0.189291,0.19284,0.196332,0.19976,0.203121,0.206408,0.209616,0.212739,0.215772,0.218711,0.22155,0.224284,0.226909,0.229419,0.23181,0.234079,0.236221,0.238231,0.240106,0.241844,0.243439,0.244889,0.246191,0.247342,0.248338,0.249177,0.249856,0.25037,0.250716,0.250889,0.250882,0.250688,0.250298,0.2497,0.248883,0.247831
1.49,0.248634,0.24793,0.247074,0.246066,0.24491,0.243607,0.24216,0.240571,0.238843,0.23698,0.234985,0.232861,0.230613,0.228244,0.225758,0.22316,0.220455,0.217646,0.21474,0.21174,0.208653,0.205482,0.202233,0.198912,0.195524,0.192075,0.188568,0.185011,0.181408,0.177765,0.174087,0.17038,0.166649,0.162898,0.159133,0.15536,0.151582,0.147806,0.144035,0.140274,0.136528,0.132801,0.129097,0.12542,0.121775,0.118164,0.114592,0.111062,0.107577,0.10414,0.100754,0.0974214,0.0941457,0.0909287,0.0877727,0.0846798,0.0816519,0.0786908,0.0757981,0.0729751,0.0702232,0.0675436,0.0649372,0.062405,0.0599478,0.057566,0.0552604,0.0530312,0.0508789,0.0488036,0.0468055,0.0448847,0.043041,0.0412745,0.0395849,0.0379721,0.0364359,0.0349759,0.0335919,0.0322834,0.0310502,0.0298918,0.0288078,0.0277979,0.0268617,0.0259987,0.0252087,0.0244912,0.023846,0.0232726,0.0227709,0.0223406,0.0219814,0.0216932,0.0214758,0.0213292,0.0212532,0.0212478,0.0213131,0.0214492,0.021656,0.0219338,0.0222828,0.0227031,0.023195,0.0237588,0.0243949,0.0251035,0.025885,0.0267399,0.0276685,0.0286712,0.0297485,0.0309008,0.0321285,0.033432,0.0348117,0.036268,0.0378012,0.0394117,0.0410997,0.0428654,0.0447089,0.0466305,0.0486301,0.0507077,0.0528632,0.0550963,0.0574067,0.0597941,0.0622579,0.0647974,0.067412,0.0701006,0.0728623,0.075696,0.0786002,0.0815736,0.0846145,0.0877211,0.0908916,0.0941238,0.0974154,0.100764,0.104167,0.107622,0.111125,0.114674,0.118265,0.121895,0.12556,0.129257,0.132981,0.136728,0.140495,0.144276,0.148067,0.151864,0.155662,0.159455,0.163239,0.167009,0.17076,0.174486,0.178181,0.181842,0.185461,0.189034,0.192556,0.19602,0.199421,0.202755,0.206015,0.209196,0.212293,0.215301,0.218215,0.221029,0.22374,0.226341,0.228829,0.231199,0.233447,0.235569,0.23756,0.239417,0.241137,0.242716,0.24415,0.245436,0.24657,0.24755,0.248371,0.249029,0.24952,0.249838,0.249978,0.249934,0.249698,0.249266,0.248634
1.5,0.248807,0.248415,0.247869,0.247171,0.246323,0.245325,0.244179,0.242888,0.241454,0.239879,0.238168,0.236321,0.234344,0.232239,0.23001,0.227662,0.225198,0.222622,0.21994,0.217156,0.214274,0.211299,0.208237,0.205092,0.20187,0.198575,0.195214,0.191791,0.188312,0.184781,0.181205,0.177589,0.173937,0.170256,0.166551,0.162825,0.159086,0.155337,0.151584,0.147831,0.144083,0.140344,0.13662,0.132914,0.12923,0.125573,0.121946,0.118353,0.114798,0.111284,0.107814,0.104392,0.10102,0.0977004,0.0944367,0.091231,0.0880855,0.0850022,0.0819832,0.0790302,0.0761447,0.0733284,0.0705824,0.067908,0.0653062,0.0627779,0.0603239,0.0579449,0.0556415,0.0534141,0.051263,0.0491885,0.0471908,0.0452699,0.0434259,0.0416588,0.0399683,0.0383544,0.0368168,0.0353553,0.0339697,0.0326594,0.0314244,0.0302641,0.0291782,0.0281664,0.0272283,0.0263636,0.0255718,0.0248527,0.0242059,0.0236312,0.0231283,0.0226969,0.0223368,0.0220479,0.02183,0.021683,0.0216069,0.0216016,0.0216672,0.0218037,0.0220112,0.0222899,0.0226399,0.0230615,0.0235548,0.0241201,0.0247579,0.0254683,0.0262517,0.0271085,0.0280391,0.0290439,0.0301232,0.0312775,0.0325072,0.0338126,0.0351941,0.0366521,0.0381868,0.0397985,0.0414875,0.043254,0.045098,0.0470197,0.0490191,0.051096,0.0532503,0.0554818,0.0577902,0.0601749,0.0626354,0.0651711,0.0677812,0.0704646,0.0732205,0.0760476,0.0789445,0.0819098,0.0849418,0.0880388,0.0911988,0.0944197,0.0976992,0.101035,0.104424,0.107864,0.111352,0.114884,0.118458,0.12207,0.125717,0.129394,0.133097,0.136824,0.140568,0.144327,0.148095,0.151868,0.155641,0.15941,0.163169,0.166913,0.170637,0.174337,0.178006,0.181639,0.185231,0.188777,0.192272,0.195709,0.199083,0.20239,0.205624,0.208779,0.21185,0.214833,0.217722,0.220512,0.223199,0.225777,0.228243,0.230592,0.232819,0.234921,0.236893,0.238732,0.240433,0.241994,0.24341,0.244678,0.245794,0.246754,0.247554,0.248189,0.248656,0.248952,0.249073,0.249022,0.248807